{
  "model": "gemini-3-flash-preview",
  "embeddingModel": "gemini-embedding-001",
  "requestCount": 20,
  "extraction": {
    "p50": 5060,
    "p95": 7026,
    "p99": 7090,
    "mean": 5252.7,
    "errors": 0
  },
  "embedding": {
    "p50": 150,
    "p95": 321,
    "mean": 167.6
  },
  "cost": {
    "totalTokens": 626631,
    "totalCost": 0.37510604999999997,
    "perExtraction": 0.018755302499999998
  }
}