npm warn Unknown user config "min-release-age". This will stop working in the next major version of npm.
npm warn Unknown user config "minimum-release-age". This will stop working in the next major version of npm.
▶ load-harness mixed mode at 2026-07-19T16:49:57.958Z
  api_base=https://pr-1568---arkova-worker-rca20260719-staging-kvojbeutfa-uc.a.run.app  duration=720min  endAt=2026-07-20T04:49:57.958Z
  cron_secret=set  api_key=set

[t+61s] total=165 rate=2.7/s
  events     ok=0 fail=100 err=100.0% p50=93ms p95=475ms p99=803ms statuses[401=3 429=97]
  cron       ok=5 fail=0 err=0.0% p50=393ms p95=419ms p99=419ms statuses[200=5]
  reads      ok=0 fail=50 err=100.0% p50=101ms p95=386ms p99=547ms statuses[401=1 429=39 503=10]
  webhook    ok=0 fail=10 err=100.0% p50=99ms p95=394ms p99=394ms statuses[429=1 503=9]

[t+121s] total=325 rate=2.7/s
  events     ok=0 fail=200 err=100.0% p50=92ms p95=803ms p99=1602ms statuses[401=10 429=190]
  cron       ok=5 fail=0 err=0.0% p50=393ms p95=419ms p99=419ms statuses[200=5]
  reads      ok=0 fail=100 err=100.0% p50=86ms p95=547ms p99=1335ms statuses[401=2 429=76 503=22]
  webhook    ok=0 fail=20 err=100.0% p50=89ms p95=1222ms p99=1222ms statuses[429=3 503=17]

[t+181s] total=485 rate=2.7/s
  events     ok=0 fail=300 err=100.0% p50=92ms p95=553ms p99=1593ms statuses[401=15 429=285]
  cron       ok=5 fail=0 err=0.0% p50=393ms p95=419ms p99=419ms statuses[200=5]
  reads      ok=0 fail=150 err=100.0% p50=87ms p95=510ms p99=1010ms statuses[401=2 429=115 503=33]
  webhook    ok=0 fail=30 err=100.0% p50=89ms p95=394ms p99=1222ms statuses[429=5 503=25]

[t+241s] total=644 rate=2.7/s
  events     ok=0 fail=399 err=100.0% p50=85ms p95=475ms p99=1446ms statuses[401=18 429=381]
  cron       ok=5 fail=0 err=0.0% p50=393ms p95=419ms p99=419ms statuses[200=5]
  reads      ok=0 fail=200 err=100.0% p50=82ms p95=393ms p99=1010ms statuses[401=3 429=154 503=43]
  webhook    ok=0 fail=40 err=100.0% p50=86ms p95=573ms p99=1222ms statuses[429=7 503=33]

[t+301s] total=804 rate=2.7/s
  events     ok=0 fail=499 err=100.0% p50=97ms p95=492ms p99=1446ms statuses[401=22 429=477]
  cron       ok=5 fail=0 err=0.0% p50=393ms p95=419ms p99=419ms statuses[200=5]
  reads      ok=0 fail=250 err=100.0% p50=90ms p95=507ms p99=889ms statuses[401=4 429=193 503=53]
  webhook    ok=0 fail=50 err=100.0% p50=88ms p95=418ms p99=1222ms statuses[429=9 503=41]

[t+361s] total=969 rate=2.7/s
  events     ok=0 fail=599 err=100.0% p50=98ms p95=482ms p99=1421ms statuses[401=25 429=574]
  cron       ok=10 fail=0 err=0.0% p50=417ms p95=915ms p99=915ms statuses[200=10]
  reads      ok=0 fail=300 err=100.0% p50=99ms p95=435ms p99=889ms statuses[401=4 429=233 503=63]
  webhook    ok=0 fail=60 err=100.0% p50=89ms p95=573ms p99=1222ms statuses[429=10 503=50]

[t+421s] total=1127 rate=2.7/s
  events     ok=0 fail=698 err=100.0% p50=100ms p95=620ms p99=1677ms statuses[401=31 429=667]
  cron       ok=10 fail=0 err=0.0% p50=417ms p95=915ms p99=915ms statuses[200=10]
  reads      ok=0 fail=349 err=100.0% p50=102ms p95=571ms p99=1670ms statuses[401=6 429=266 503=77]
  webhook    ok=0 fail=70 err=100.0% p50=89ms p95=573ms p99=1222ms statuses[429=12 503=58]

[t+481s] total=1288 rate=2.7/s
  events     ok=0 fail=798 err=100.0% p50=105ms p95=992ms p99=2907ms statuses[401=36 429=762]
  cron       ok=10 fail=0 err=0.0% p50=417ms p95=915ms p99=915ms statuses[200=10]
  reads      ok=0 fail=400 err=100.0% p50=107ms p95=875ms p99=3184ms statuses[401=6 429=302 503=92]
  webhook    ok=0 fail=80 err=100.0% p50=99ms p95=1222ms p99=10200ms statuses[429=12 503=68]

[t+541s] total=1448 rate=2.7/s
  events     ok=0 fail=898 err=100.0% p50=99ms p95=943ms p99=2221ms statuses[401=42 429=856]
  cron       ok=10 fail=0 err=0.0% p50=417ms p95=915ms p99=915ms statuses[200=10]
  reads      ok=0 fail=450 err=100.0% p50=101ms p95=819ms p99=2022ms statuses[401=7 429=341 503=102]
  webhook    ok=0 fail=90 err=100.0% p50=92ms p95=964ms p99=10200ms statuses[429=14 503=76]

[t+601s] total=1607 rate=2.7/s
  events     ok=0 fail=997 err=100.0% p50=92ms p95=872ms p99=2126ms statuses[401=45 429=952]
  cron       ok=10 fail=0 err=0.0% p50=417ms p95=915ms p99=915ms statuses[200=10]
  reads      ok=0 fail=500 err=100.0% p50=88ms p95=746ms p99=2022ms statuses[401=7 429=381 503=112]
  webhook    ok=0 fail=100 err=100.0% p50=86ms p95=964ms p99=10200ms statuses[429=16 503=84]

[t+661s] total=1771 rate=2.7/s
  events     ok=0 fail=1097 err=100.0% p50=83ms p95=817ms p99=2052ms statuses[401=49 429=1048]
  cron       ok=15 fail=0 err=0.0% p50=382ms p95=915ms p99=915ms statuses[200=15]
  reads      ok=0 fail=549 err=100.0% p50=83ms p95=681ms p99=1982ms statuses[401=8 429=419 503=122]
  webhook    ok=0 fail=110 err=100.0% p50=85ms p95=891ms p99=1900ms statuses[429=18 503=92]

[t+721s] total=1931 rate=2.7/s
  events     ok=0 fail=1197 err=100.0% p50=76ms p95=777ms p99=1988ms statuses[401=52 429=1145]
  cron       ok=15 fail=0 err=0.0% p50=382ms p95=915ms p99=915ms statuses[200=15]
  reads      ok=0 fail=599 err=100.0% p50=79ms p95=665ms p99=1982ms statuses[401=9 429=458 503=132]
  webhook    ok=0 fail=120 err=100.0% p50=82ms p95=891ms p99=1900ms statuses[429=20 503=100]

[t+781s] total=2090 rate=2.7/s
  events     ok=0 fail=1296 err=100.0% p50=72ms p95=710ms p99=1869ms statuses[401=55 429=1241]
  cron       ok=15 fail=0 err=0.0% p50=382ms p95=915ms p99=915ms statuses[200=15]
  reads      ok=0 fail=649 err=100.0% p50=76ms p95=641ms p99=1853ms statuses[401=9 429=498 503=142]
  webhook    ok=0 fail=130 err=100.0% p50=72ms p95=886ms p99=1900ms statuses[429=22 503=108]

[t+841s] total=2250 rate=2.7/s
  events     ok=0 fail=1396 err=100.0% p50=67ms p95=622ms p99=1822ms statuses[401=58 429=1338]
  cron       ok=15 fail=0 err=0.0% p50=382ms p95=915ms p99=915ms statuses[200=15]
  reads      ok=0 fail=699 err=100.0% p50=71ms p95=585ms p99=1853ms statuses[401=10 429=537 503=152]
  webhook    ok=0 fail=140 err=100.0% p50=69ms p95=886ms p99=1900ms statuses[429=24 503=116]

[t+901s] total=2410 rate=2.7/s
  events     ok=0 fail=1496 err=100.0% p50=66ms p95=698ms p99=1988ms statuses[401=67 429=1429]
  cron       ok=15 fail=0 err=0.0% p50=382ms p95=915ms p99=915ms statuses[200=15]
  reads      ok=0 fail=749 err=100.0% p50=69ms p95=663ms p99=1823ms statuses[401=13 429=570 503=166]
  webhook    ok=0 fail=150 err=100.0% p50=69ms p95=886ms p99=1900ms statuses[429=26 503=124]

[t+961s] total=2574 rate=2.7/s
  events     ok=0 fail=1595 err=100.0% p50=64ms p95=710ms p99=1869ms statuses[401=71 429=1524]
  cron       ok=20 fail=0 err=0.0% p50=360ms p95=915ms p99=915ms statuses[200=20]
  reads      ok=0 fail=799 err=100.0% p50=67ms p95=641ms p99=1823ms statuses[401=13 429=607 503=179]
  webhook    ok=0 fail=160 err=100.0% p50=66ms p95=886ms p99=1900ms statuses[429=28 503=132]

[t+1021s] total=2734 rate=2.7/s
  events     ok=0 fail=1695 err=100.0% p50=63ms p95=745ms p99=1988ms statuses[401=77 429=1618]
  cron       ok=20 fail=0 err=0.0% p50=360ms p95=915ms p99=915ms statuses[200=20]
  reads      ok=0 fail=849 err=100.0% p50=65ms p95=665ms p99=1819ms statuses[401=16 429=643 503=190]
  webhook    ok=0 fail=170 err=100.0% p50=65ms p95=665ms p99=1900ms statuses[429=30 503=140]

[t+1081s] total=2893 rate=2.7/s
  events     ok=0 fail=1794 err=100.0% p50=62ms p95=732ms p99=1869ms statuses[401=81 429=1713]
  cron       ok=20 fail=0 err=0.0% p50=360ms p95=915ms p99=915ms statuses[200=20]
  reads      ok=0 fail=899 err=100.0% p50=64ms p95=669ms p99=1819ms statuses[401=17 429=681 503=201]
  webhook    ok=0 fail=180 err=100.0% p50=62ms p95=665ms p99=1900ms statuses[429=32 503=148]

[t+1141s] total=3053 rate=2.7/s
  events     ok=0 fail=1894 err=100.0% p50=61ms p95=710ms p99=1822ms statuses[401=84 429=1810]
  cron       ok=20 fail=0 err=0.0% p50=360ms p95=915ms p99=915ms statuses[200=20]
  reads      ok=0 fail=949 err=100.0% p50=62ms p95=669ms p99=1819ms statuses[401=17 429=717 503=215]
  webhook    ok=0 fail=190 err=100.0% p50=61ms p95=660ms p99=1900ms statuses[429=34 503=156]

[t+1201s] total=3213 rate=2.7/s
  events     ok=0 fail=1994 err=100.0% p50=60ms p95=696ms p99=1799ms statuses[401=87 429=1907]
  cron       ok=20 fail=0 err=0.0% p50=360ms p95=915ms p99=915ms statuses[200=20]
  reads      ok=0 fail=999 err=100.0% p50=62ms p95=665ms p99=1819ms statuses[401=18 429=755 503=226]
  webhook    ok=0 fail=200 err=100.0% p50=60ms p95=660ms p99=1900ms statuses[429=36 503=164]

[t+1261s] total=3377 rate=2.7/s
  events     ok=0 fail=2093 err=100.0% p50=60ms p95=678ms p99=1748ms statuses[401=90 429=2003]
  cron       ok=25 fail=0 err=0.0% p50=345ms p95=896ms p99=915ms statuses[200=25]
  reads      ok=0 fail=1049 err=100.0% p50=62ms p95=641ms p99=1813ms statuses[401=19 429=794 503=236]
  webhook    ok=0 fail=210 err=100.0% p50=61ms p95=614ms p99=1343ms statuses[429=38 503=172]

[t+1321s] total=3536 rate=2.7/s
  events     ok=0 fail=2193 err=100.0% p50=60ms p95=637ms p99=1686ms statuses[401=93 429=2100]
  cron       ok=25 fail=0 err=0.0% p50=345ms p95=896ms p99=915ms statuses[200=25]
  reads      ok=0 fail=1098 err=100.0% p50=62ms p95=636ms p99=1813ms statuses[401=19 429=833 503=246]
  webhook    ok=0 fail=220 err=100.0% p50=61ms p95=614ms p99=1343ms statuses[429=40 503=180]

[t+1381s] total=3696 rate=2.7/s
  events     ok=0 fail=2293 err=100.0% p50=60ms p95=604ms p99=1677ms statuses[401=98 429=2195]
  cron       ok=25 fail=0 err=0.0% p50=345ms p95=896ms p99=915ms statuses[200=25]
  reads      ok=0 fail=1148 err=100.0% p50=62ms p95=582ms p99=1808ms statuses[401=20 429=872 503=256]
  webhook    ok=0 fail=230 err=100.0% p50=61ms p95=573ms p99=1343ms statuses[429=42 503=188]

[t+1441s] total=3855 rate=2.7/s
  events     ok=0 fail=2392 err=100.0% p50=60ms p95=565ms p99=1618ms statuses[401=101 429=2291]
  cron       ok=25 fail=0 err=0.0% p50=345ms p95=896ms p99=915ms statuses[200=25]
  reads      ok=0 fail=1198 err=100.0% p50=62ms p95=579ms p99=1808ms statuses[401=21 429=911 503=266]
  webhook    ok=0 fail=240 err=100.0% p50=61ms p95=573ms p99=1343ms statuses[429=44 503=196]

[t+1501s] total=4015 rate=2.7/s
  events     ok=0 fail=2492 err=100.0% p50=59ms p95=543ms p99=1602ms statuses[401=105 429=2387]
  cron       ok=25 fail=0 err=0.0% p50=345ms p95=896ms p99=915ms statuses[200=25]
  reads      ok=0 fail=1248 err=100.0% p50=62ms p95=567ms p99=1670ms statuses[401=22 429=948 503=278]
  webhook    ok=0 fail=250 err=100.0% p50=61ms p95=573ms p99=1365ms statuses[429=46 503=204]

[t+1561s] total=4180 rate=2.7/s
  events     ok=0 fail=2592 err=100.0% p50=59ms p95=522ms p99=1593ms statuses[401=108 429=2484]
  cron       ok=30 fail=0 err=0.0% p50=360ms p95=896ms p99=915ms statuses[200=30]
  reads      ok=0 fail=1298 err=100.0% p50=61ms p95=537ms p99=1670ms statuses[401=23 429=987 503=288]
  webhook    ok=0 fail=260 err=100.0% p50=61ms p95=614ms p99=1365ms statuses[429=48 503=212]

[t+1621s] total=4339 rate=2.7/s
  events     ok=0 fail=2691 err=100.0% p50=59ms p95=515ms p99=1582ms statuses[401=111 429=2580]
  cron       ok=30 fail=0 err=0.0% p50=360ms p95=896ms p99=915ms statuses[200=30]
  reads      ok=0 fail=1348 err=100.0% p50=62ms p95=520ms p99=1658ms statuses[401=24 429=1026 503=298]
  webhook    ok=0 fail=270 err=100.0% p50=61ms p95=614ms p99=1365ms statuses[429=50 503=220]

[t+1681s] total=4499 rate=2.7/s
  events     ok=0 fail=2791 err=100.0% p50=58ms p95=493ms p99=1571ms statuses[401=115 429=2676]
  cron       ok=30 fail=0 err=0.0% p50=360ms p95=896ms p99=915ms statuses[200=30]
  reads      ok=0 fail=1398 err=100.0% p50=61ms p95=517ms p99=1658ms statuses[401=24 429=1065 503=309]
  webhook    ok=0 fail=280 err=100.0% p50=61ms p95=614ms p99=1365ms statuses[429=52 503=228]

[t+1741s] total=4658 rate=2.7/s
  events     ok=0 fail=2890 err=100.0% p50=58ms p95=485ms p99=1565ms statuses[401=118 429=2772]
  cron       ok=30 fail=0 err=0.0% p50=360ms p95=896ms p99=915ms statuses[200=30]
  reads      ok=0 fail=1448 err=100.0% p50=60ms p95=507ms p99=1656ms statuses[401=25 429=1104 503=319]
  webhook    ok=0 fail=290 err=100.0% p50=59ms p95=573ms p99=1365ms statuses[429=54 503=236]

[t+1801s] total=4818 rate=2.7/s
  events     ok=0 fail=2990 err=100.0% p50=59ms p95=480ms p99=1537ms statuses[401=121 429=2869]
  cron       ok=30 fail=0 err=0.0% p50=360ms p95=896ms p99=915ms statuses[200=30]
  reads      ok=0 fail=1498 err=100.0% p50=61ms p95=503ms p99=1656ms statuses[401=26 429=1143 503=329]
  webhook    ok=0 fail=300 err=100.0% p50=61ms p95=573ms p99=1365ms statuses[429=56 503=244]

[t+1861s] total=4979 rate=2.7/s
  events     ok=0 fail=3087 err=100.0% p50=59ms p95=475ms p99=1534ms statuses[401=124 429=2963]
  cron       ok=35 fail=0 err=0.0% p50=361ms p95=915ms p99=1779ms statuses[200=35]
  reads      ok=0 fail=1547 err=100.0% p50=61ms p95=497ms p99=1614ms statuses[401=26 429=1182 503=339]
  webhook    ok=0 fail=310 err=100.0% p50=61ms p95=571ms p99=1343ms statuses[429=58 503=252]

[t+1921s] total=5139 rate=2.7/s
  events     ok=0 fail=3187 err=100.0% p50=58ms p95=464ms p99=1472ms statuses[401=129 429=3058]
  cron       ok=35 fail=0 err=0.0% p50=361ms p95=915ms p99=1779ms statuses[200=35]
  reads      ok=0 fail=1597 err=100.0% p50=60ms p95=493ms p99=1614ms statuses[401=27 429=1221 503=349]
  webhook    ok=0 fail=320 err=100.0% p50=60ms p95=571ms p99=1343ms statuses[429=60 503=260]

[t+1981s] total=5298 rate=2.7/s
  events     ok=0 fail=3286 err=100.0% p50=58ms p95=458ms p99=1463ms statuses[401=132 429=3154]
  cron       ok=35 fail=0 err=0.0% p50=361ms p95=915ms p99=1779ms statuses[200=35]
  reads      ok=0 fail=1647 err=100.0% p50=60ms p95=462ms p99=1610ms statuses[401=28 429=1260 503=359]
  webhook    ok=0 fail=330 err=100.0% p50=60ms p95=564ms p99=1343ms statuses[429=62 503=268]

[t+2041s] total=5458 rate=2.7/s
  events     ok=0 fail=3386 err=100.0% p50=58ms p95=457ms p99=1454ms statuses[401=135 429=3251]
  cron       ok=35 fail=0 err=0.0% p50=361ms p95=915ms p99=1779ms statuses[200=35]
  reads      ok=0 fail=1697 err=100.0% p50=60ms p95=462ms p99=1610ms statuses[401=28 429=1300 503=369]
  webhook    ok=0 fail=340 err=100.0% p50=59ms p95=564ms p99=1343ms statuses[429=64 503=276]

[t+2101s] total=5618 rate=2.7/s
  events     ok=0 fail=3486 err=100.0% p50=57ms p95=442ms p99=1446ms statuses[401=138 429=3348]
  cron       ok=35 fail=0 err=0.0% p50=361ms p95=915ms p99=1779ms statuses[200=35]
  reads      ok=0 fail=1747 err=100.0% p50=59ms p95=451ms p99=1479ms statuses[401=29 429=1339 503=379]
  webhook    ok=0 fail=350 err=100.0% p50=59ms p95=543ms p99=1343ms statuses[429=66 503=284]

[t+2161s] total=5781 rate=2.7/s
  events     ok=0 fail=3585 err=100.0% p50=57ms p95=433ms p99=1421ms statuses[401=141 429=3444]
  cron       ok=40 fail=0 err=0.0% p50=358ms p95=915ms p99=1779ms statuses[200=40]
  reads      ok=0 fail=1796 err=100.0% p50=59ms p95=444ms p99=1479ms statuses[401=30 429=1377 503=389]
  webhook    ok=0 fail=360 err=100.0% p50=59ms p95=543ms p99=1343ms statuses[429=68 503=292]

[t+2221s] total=5941 rate=2.7/s
  events     ok=0 fail=3685 err=100.0% p50=57ms p95=421ms p99=1399ms statuses[401=144 429=3541]
  cron       ok=40 fail=0 err=0.0% p50=358ms p95=915ms p99=1779ms statuses[200=40]
  reads      ok=0 fail=1846 err=100.0% p50=59ms p95=435ms p99=1442ms statuses[401=30 429=1416 503=400]
  webhook    ok=0 fail=370 err=100.0% p50=58ms p95=529ms p99=1343ms statuses[429=70 503=300]

[t+2281s] total=6100 rate=2.7/s
  events     ok=0 fail=3784 err=100.0% p50=57ms p95=409ms p99=1382ms statuses[401=149 429=3635]
  cron       ok=40 fail=0 err=0.0% p50=358ms p95=915ms p99=1779ms statuses[200=40]
  reads      ok=0 fail=1896 err=100.0% p50=58ms p95=429ms p99=1442ms statuses[401=31 429=1455 503=410]
  webhook    ok=0 fail=380 err=100.0% p50=58ms p95=529ms p99=1343ms statuses[429=72 503=308]

[t+2341s] total=6260 rate=2.7/s
  events     ok=0 fail=3884 err=100.0% p50=57ms p95=401ms p99=1381ms statuses[401=152 429=3732]
  cron       ok=40 fail=0 err=0.0% p50=358ms p95=915ms p99=1779ms statuses[200=40]
  reads      ok=0 fail=1946 err=100.0% p50=58ms p95=401ms p99=1395ms statuses[401=32 429=1494 503=420]
  webhook    ok=0 fail=390 err=100.0% p50=58ms p95=519ms p99=1343ms statuses[429=74 503=316]

[t+2401s] total=6420 rate=2.7/s
  events     ok=0 fail=3984 err=100.0% p50=57ms p95=395ms p99=1374ms statuses[401=155 429=3829]
  cron       ok=40 fail=0 err=0.0% p50=358ms p95=915ms p99=1779ms statuses[200=40]
  reads      ok=0 fail=1996 err=100.0% p50=58ms p95=395ms p99=1395ms statuses[401=32 429=1533 503=431]
  webhook    ok=0 fail=400 err=100.0% p50=58ms p95=519ms p99=1343ms statuses[429=76 503=324]

[t+2461s] total=6584 rate=2.7/s
  events     ok=0 fail=4083 err=100.0% p50=57ms p95=386ms p99=1334ms statuses[401=159 429=3924]
  cron       ok=45 fail=0 err=0.0% p50=358ms p95=896ms p99=1779ms statuses[200=45]
  reads      ok=0 fail=2046 err=100.0% p50=58ms p95=395ms p99=1346ms statuses[401=32 429=1573 503=441]
  webhook    ok=0 fail=410 err=100.0% p50=58ms p95=518ms p99=1235ms statuses[429=78 503=332]

[t+2521s] total=6744 rate=2.7/s
  events     ok=0 fail=4183 err=100.0% p50=56ms p95=380ms p99=1323ms statuses[401=163 429=4020]
  cron       ok=45 fail=0 err=0.0% p50=358ms p95=896ms p99=1779ms statuses[200=45]
  reads      ok=0 fail=2096 err=100.0% p50=57ms p95=389ms p99=1346ms statuses[401=33 429=1612 503=451]
  webhook    ok=0 fail=420 err=100.0% p50=58ms p95=518ms p99=1235ms statuses[429=80 503=340]

[t+2581s] total=6904 rate=2.7/s
  events     ok=0 fail=4283 err=100.0% p50=56ms p95=375ms p99=1319ms statuses[401=166 429=4117]
  cron       ok=45 fail=0 err=0.0% p50=358ms p95=896ms p99=1779ms statuses[200=45]
  reads      ok=0 fail=2146 err=100.0% p50=57ms p95=384ms p99=1335ms statuses[401=34 429=1651 503=461]
  webhook    ok=0 fail=430 err=100.0% p50=58ms p95=479ms p99=1235ms statuses[429=82 503=348]

[t+2641s] total=7063 rate=2.7/s
  events     ok=0 fail=4382 err=100.0% p50=57ms p95=380ms p99=1319ms statuses[401=170 429=4212]
  cron       ok=45 fail=0 err=0.0% p50=358ms p95=896ms p99=1779ms statuses[200=45]
  reads      ok=0 fail=2196 err=100.0% p50=58ms p95=386ms p99=1346ms statuses[401=34 429=1691 503=471]
  webhook    ok=0 fail=440 err=100.0% p50=58ms p95=518ms p99=1343ms statuses[429=84 503=356]

[t+2701s] total=7223 rate=2.7/s
  events     ok=0 fail=4482 err=100.0% p50=57ms p95=375ms p99=1275ms statuses[401=174 429=4308]
  cron       ok=45 fail=0 err=0.0% p50=358ms p95=896ms p99=1779ms statuses[200=45]
  reads      ok=0 fail=2246 err=100.0% p50=58ms p95=384ms p99=1335ms statuses[401=35 429=1730 503=481]
  webhook    ok=0 fail=450 err=100.0% p50=58ms p95=518ms p99=1343ms statuses[429=86 503=364]

[t+2761s] total=7386 rate=2.7/s
  events     ok=0 fail=4581 err=100.0% p50=57ms p95=366ms p99=1247ms statuses[401=177 429=4404]
  cron       ok=50 fail=0 err=0.0% p50=360ms p95=896ms p99=1779ms statuses[200=50]
  reads      ok=0 fail=2295 err=100.0% p50=58ms p95=383ms p99=1335ms statuses[401=36 429=1768 503=491]
  webhook    ok=0 fail=460 err=100.0% p50=58ms p95=518ms p99=1343ms statuses[429=88 503=372]

[t+2821s] total=7546 rate=2.7/s
  events     ok=0 fail=4681 err=100.0% p50=57ms p95=360ms p99=1246ms statuses[401=180 429=4501]
  cron       ok=50 fail=0 err=0.0% p50=360ms p95=896ms p99=1779ms statuses[200=50]
  reads      ok=0 fail=2345 err=100.0% p50=59ms p95=372ms p99=1299ms statuses[401=37 429=1807 503=501]
  webhook    ok=0 fail=470 err=100.0% p50=59ms p95=479ms p99=1343ms statuses[429=90 503=380]

[t+2881s] total=7706 rate=2.7/s
  events     ok=0 fail=4781 err=100.0% p50=58ms p95=356ms p99=1246ms statuses[401=183 429=4598]
  cron       ok=50 fail=0 err=0.0% p50=360ms p95=896ms p99=1779ms statuses[200=50]
  reads      ok=0 fail=2395 err=100.0% p50=59ms p95=372ms p99=1299ms statuses[401=37 429=1846 503=512]
  webhook    ok=0 fail=480 err=100.0% p50=59ms p95=479ms p99=1343ms statuses[429=92 503=388]

[t+2941s] total=7865 rate=2.7/s
  events     ok=0 fail=4880 err=100.0% p50=58ms p95=360ms p99=1208ms statuses[401=188 429=4692]
  cron       ok=50 fail=0 err=0.0% p50=360ms p95=896ms p99=1779ms statuses[200=50]
  reads      ok=0 fail=2445 err=100.0% p50=59ms p95=370ms p99=1279ms statuses[401=38 429=1885 503=522]
  webhook    ok=0 fail=490 err=100.0% p50=59ms p95=479ms p99=1343ms statuses[429=94 503=396]

[t+3001s] total=8025 rate=2.7/s
  events     ok=0 fail=4980 err=100.0% p50=58ms p95=354ms p99=1169ms statuses[401=191 429=4789]
  cron       ok=50 fail=0 err=0.0% p50=360ms p95=896ms p99=1779ms statuses[200=50]
  reads      ok=0 fail=2495 err=100.0% p50=59ms p95=365ms p99=1279ms statuses[401=39 429=1924 503=532]
  webhook    ok=0 fail=500 err=100.0% p50=60ms p95=479ms p99=1343ms statuses[429=96 503=404]

[t+3061s] total=8190 rate=2.7/s
  events     ok=0 fail=5080 err=100.0% p50=59ms p95=351ms p99=1165ms statuses[401=194 429=4886]
  cron       ok=55 fail=0 err=0.0% p50=360ms p95=896ms p99=1779ms statuses[200=55]
  reads      ok=0 fail=2545 err=100.0% p50=60ms p95=362ms p99=1242ms statuses[401=40 429=1960 503=545]
  webhook    ok=0 fail=510 err=100.0% p50=61ms p95=470ms p99=1235ms statuses[429=98 503=412]

[t+3121s] total=8349 rate=2.7/s
  events     ok=0 fail=5179 err=100.0% p50=59ms p95=346ms p99=1160ms statuses[401=197 429=4982]
  cron       ok=55 fail=0 err=0.0% p50=360ms p95=896ms p99=1779ms statuses[200=55]
  reads      ok=0 fail=2595 err=100.0% p50=60ms p95=361ms p99=1242ms statuses[401=42 429=1997 503=556]
  webhook    ok=0 fail=520 err=100.0% p50=61ms p95=470ms p99=1235ms statuses[429=100 503=420]

[t+3181s] total=8509 rate=2.7/s
  events     ok=0 fail=5279 err=100.0% p50=59ms p95=343ms p99=1152ms statuses[401=200 429=5079]
  cron       ok=55 fail=0 err=0.0% p50=360ms p95=896ms p99=1779ms statuses[200=55]
  reads      ok=0 fail=2645 err=100.0% p50=60ms p95=354ms p99=1142ms statuses[401=43 429=2036 503=566]
  webhook    ok=0 fail=530 err=100.0% p50=61ms p95=461ms p99=1235ms statuses[429=102 503=428]

[t+3241s] total=8668 rate=2.7/s
  events     ok=0 fail=5378 err=100.0% p50=59ms p95=351ms p99=1160ms statuses[401=204 429=5174]
  cron       ok=55 fail=0 err=0.0% p50=360ms p95=896ms p99=1779ms statuses[200=55]
  reads      ok=0 fail=2695 err=100.0% p50=60ms p95=354ms p99=1142ms statuses[401=43 429=2075 503=577]
  webhook    ok=0 fail=540 err=100.0% p50=62ms p95=470ms p99=1343ms statuses[429=104 503=436]

[t+3301s] total=8828 rate=2.7/s
  events     ok=0 fail=5478 err=100.0% p50=60ms p95=346ms p99=1152ms statuses[401=207 429=5271]
  cron       ok=55 fail=0 err=0.0% p50=360ms p95=896ms p99=1779ms statuses[200=55]
  reads      ok=0 fail=2745 err=100.0% p50=60ms p95=344ms p99=1103ms statuses[401=44 429=2114 503=587]
  webhook    ok=0 fail=550 err=100.0% p50=62ms p95=461ms p99=1343ms statuses[429=106 503=444]

[t+3361s] total=8991 rate=2.7/s
  events     ok=0 fail=5577 err=100.0% p50=60ms p95=343ms p99=1147ms statuses[401=210 429=5367]
  cron       ok=60 fail=0 err=0.0% p50=361ms p95=896ms p99=1779ms statuses[200=60]
  reads      ok=0 fail=2794 err=100.0% p50=61ms p95=344ms p99=1103ms statuses[401=45 429=2152 503=597]
  webhook    ok=0 fail=560 err=100.0% p50=62ms p95=470ms p99=1343ms statuses[429=108 503=452]

[t+3421s] total=9151 rate=2.7/s
  events     ok=0 fail=5677 err=100.0% p50=60ms p95=344ms p99=1160ms statuses[401=215 429=5462]
  cron       ok=60 fail=0 err=0.0% p50=361ms p95=896ms p99=1779ms statuses[200=60]
  reads      ok=0 fail=2844 err=100.0% p50=61ms p95=351ms p99=1103ms statuses[401=45 429=2192 503=607]
  webhook    ok=0 fail=570 err=100.0% p50=62ms p95=470ms p99=1365ms statuses[429=110 503=460]

[t+3481s] total=9311 rate=2.7/s
  events     ok=0 fail=5777 err=100.0% p50=60ms p95=339ms p99=1152ms statuses[401=219 429=5558]
  cron       ok=60 fail=0 err=0.0% p50=361ms p95=896ms p99=1779ms statuses[200=60]
  reads      ok=0 fail=2894 err=100.0% p50=61ms p95=351ms p99=1103ms statuses[401=48 429=2227 503=619]
  webhook    ok=0 fail=580 err=100.0% p50=62ms p95=470ms p99=1365ms statuses[429=112 503=468]

[t+3541s] total=9471 rate=2.7/s
  events     ok=0 fail=5877 err=100.0% p50=61ms p95=344ms p99=1152ms statuses[401=223 429=5654]
  cron       ok=60 fail=0 err=0.0% p50=361ms p95=896ms p99=1779ms statuses[200=60]
  reads      ok=0 fail=2944 err=100.0% p50=62ms p95=351ms p99=1081ms statuses[401=49 429=2265 503=630]
  webhook    ok=0 fail=590 err=100.0% p50=62ms p95=470ms p99=1365ms statuses[429=114 503=476]

[t+3601s] total=9629 rate=2.7/s
  events     ok=0 fail=5975 err=100.0% p50=61ms p95=351ms p99=1147ms statuses[401=231 429=5744]
  cron       ok=60 fail=0 err=0.0% p50=361ms p95=896ms p99=1779ms statuses[200=60]
  reads      ok=0 fail=2994 err=100.0% p50=62ms p95=354ms p99=1081ms statuses[401=49 429=2304 503=641]
  webhook    ok=0 fail=600 err=100.0% p50=63ms p95=470ms p99=1365ms statuses[429=116 503=484]

[t+3661s] total=9793 rate=2.7/s
  events     ok=0 fail=6075 err=100.0% p50=61ms p95=346ms p99=1145ms statuses[401=239 429=5836]
  cron       ok=65 fail=0 err=0.0% p50=358ms p95=823ms p99=1779ms statuses[200=65]
  reads      ok=0 fail=3043 err=100.0% p50=62ms p95=350ms p99=1039ms statuses[401=50 429=2334 503=659]
  webhook    ok=0 fail=610 err=100.0% p50=64ms p95=461ms p99=1343ms statuses[429=116 503=494]

[t+3721s] total=9953 rate=2.7/s
  events     ok=0 fail=6175 err=100.0% p50=61ms p95=351ms p99=1144ms statuses[401=242 429=5933]
  cron       ok=65 fail=0 err=0.0% p50=358ms p95=823ms p99=1779ms statuses[200=65]
  reads      ok=0 fail=3093 err=100.0% p50=62ms p95=351ms p99=1039ms statuses[401=51 429=2372 503=670]
  webhook    ok=0 fail=620 err=100.0% p50=64ms p95=461ms p99=1343ms statuses[429=118 503=502]

[t+3781s] total=10112 rate=2.7/s
  events     ok=0 fail=6274 err=100.0% p50=61ms p95=346ms p99=1138ms statuses[401=246 429=6028]
  cron       ok=65 fail=0 err=0.0% p50=358ms p95=823ms p99=1779ms statuses[200=65]
  reads      ok=0 fail=3143 err=100.0% p50=62ms p95=344ms p99=1027ms statuses[401=51 429=2412 503=680]
  webhook    ok=0 fail=630 err=100.0% p50=64ms p95=470ms p99=1343ms statuses[429=120 503=510]

[t+3841s] total=10272 rate=2.7/s
  events     ok=0 fail=6374 err=100.0% p50=61ms p95=342ms p99=1136ms statuses[401=252 429=6122]
  cron       ok=65 fail=0 err=0.0% p50=358ms p95=823ms p99=1779ms statuses[200=65]
  reads      ok=0 fail=3193 err=100.0% p50=62ms p95=344ms p99=1027ms statuses[401=52 429=2451 503=690]
  webhook    ok=0 fail=640 err=100.0% p50=64ms p95=470ms p99=1343ms statuses[429=122 503=518]

[t+3901s] total=10431 rate=2.7/s
  events     ok=0 fail=6473 err=100.0% p50=60ms p95=339ms p99=1124ms statuses[401=255 429=6218]
  cron       ok=65 fail=0 err=0.0% p50=358ms p95=823ms p99=1779ms statuses[200=65]
  reads      ok=0 fail=3243 err=100.0% p50=62ms p95=344ms p99=1024ms statuses[401=55 429=2488 503=700]
  webhook    ok=0 fail=650 err=100.0% p50=64ms p95=470ms p99=1343ms statuses[429=124 503=526]

[t+3961s] total=10596 rate=2.7/s
  events     ok=0 fail=6573 err=100.0% p50=60ms p95=336ms p99=1092ms statuses[401=259 429=6314]
  cron       ok=70 fail=0 err=0.0% p50=348ms p95=823ms p99=1779ms statuses[200=70]
  reads      ok=0 fail=3293 err=100.0% p50=61ms p95=344ms p99=1024ms statuses[401=58 429=2509 503=726]
  webhook    ok=0 fail=660 err=100.0% p50=64ms p95=470ms p99=1343ms statuses[429=125 503=535]

[t+4021s] total=10756 rate=2.7/s
  events     ok=0 fail=6673 err=100.0% p50=60ms p95=333ms p99=1079ms statuses[401=266 429=6407]
  cron       ok=70 fail=0 err=0.0% p50=348ms p95=823ms p99=1779ms statuses[200=70]
  reads      ok=0 fail=3343 err=100.0% p50=61ms p95=336ms p99=1010ms statuses[401=59 429=2545 503=739]
  webhook    ok=0 fail=670 err=100.0% p50=63ms p95=461ms p99=1343ms statuses[429=126 503=544]

[t+4081s] total=10915 rate=2.7/s
  events     ok=0 fail=6772 err=100.0% p50=60ms p95=329ms p99=1065ms statuses[401=269 429=6503]
  cron       ok=70 fail=0 err=0.0% p50=348ms p95=823ms p99=1779ms statuses[200=70]
  reads      ok=0 fail=3393 err=100.0% p50=61ms p95=332ms p99=1010ms statuses[401=60 429=2584 503=749]
  webhook    ok=0 fail=680 err=100.0% p50=62ms p95=461ms p99=1343ms statuses[429=128 503=552]

[t+4141s] total=11075 rate=2.7/s
  events     ok=0 fail=6872 err=100.0% p50=60ms p95=326ms p99=1041ms statuses[401=272 429=6600]
  cron       ok=70 fail=0 err=0.0% p50=348ms p95=823ms p99=1779ms statuses[200=70]
  reads      ok=0 fail=3443 err=100.0% p50=60ms p95=329ms p99=993ms statuses[401=60 429=2623 503=760]
  webhook    ok=0 fail=690 err=100.0% p50=62ms p95=457ms p99=1343ms statuses[429=130 503=560]

[t+4201s] total=11234 rate=2.7/s
  events     ok=0 fail=6972 err=100.0% p50=59ms p95=324ms p99=1028ms statuses[401=275 429=6697]
  cron       ok=70 fail=0 err=0.0% p50=348ms p95=823ms p99=1779ms statuses[200=70]
  reads      ok=0 fail=3492 err=100.0% p50=60ms p95=329ms p99=993ms statuses[401=61 429=2661 503=770]
  webhook    ok=0 fail=700 err=100.0% p50=62ms p95=457ms p99=1343ms statuses[429=132 503=568]

[t+4261s] total=11398 rate=2.7/s
  events     ok=0 fail=7071 err=100.0% p50=59ms p95=321ms p99=1025ms statuses[401=278 429=6793]
  cron       ok=75 fail=0 err=0.0% p50=341ms p95=823ms p99=1779ms statuses[200=75]
  reads      ok=0 fail=3542 err=100.0% p50=60ms p95=326ms p99=985ms statuses[401=62 429=2700 503=780]
  webhook    ok=0 fail=710 err=100.0% p50=61ms p95=446ms p99=1235ms statuses[429=134 503=576]

[t+4321s] total=11558 rate=2.7/s
  events     ok=0 fail=7171 err=100.0% p50=59ms p95=318ms p99=999ms statuses[401=281 429=6890]
  cron       ok=75 fail=0 err=0.0% p50=341ms p95=823ms p99=1779ms statuses[200=75]
  reads      ok=0 fail=3592 err=100.0% p50=60ms p95=325ms p99=985ms statuses[401=62 429=2740 503=790]
  webhook    ok=0 fail=720 err=100.0% p50=61ms p95=446ms p99=1235ms statuses[429=136 503=584]

[t+4381s] total=11717 rate=2.7/s
  events     ok=0 fail=7270 err=100.0% p50=59ms p95=315ms p99=997ms statuses[401=284 429=6986]
  cron       ok=75 fail=0 err=0.0% p50=341ms p95=823ms p99=1779ms statuses[200=75]
  reads      ok=0 fail=3642 err=100.0% p50=60ms p95=322ms p99=976ms statuses[401=63 429=2779 503=800]
  webhook    ok=0 fail=730 err=100.0% p50=61ms p95=444ms p99=1235ms statuses[429=138 503=592]

[t+4441s] total=11877 rate=2.7/s
  events     ok=0 fail=7370 err=100.0% p50=59ms p95=313ms p99=992ms statuses[401=287 429=7083]
  cron       ok=75 fail=0 err=0.0% p50=341ms p95=823ms p99=1779ms statuses[200=75]
  reads      ok=0 fail=3692 err=100.0% p50=60ms p95=320ms p99=976ms statuses[401=64 429=2818 503=810]
  webhook    ok=0 fail=740 err=100.0% p50=61ms p95=444ms p99=1235ms statuses[429=140 503=600]

[t+4501s] total=12037 rate=2.7/s
  events     ok=0 fail=7470 err=100.0% p50=59ms p95=310ms p99=967ms statuses[401=290 429=7180]
  cron       ok=75 fail=0 err=0.0% p50=341ms p95=823ms p99=1779ms statuses[200=75]
  reads      ok=0 fail=3742 err=100.0% p50=59ms p95=318ms p99=949ms statuses[401=64 429=2857 503=821]
  webhook    ok=0 fail=750 err=100.0% p50=61ms p95=443ms p99=1235ms statuses[429=142 503=608]

[t+4561s] total=12201 rate=2.7/s
  events     ok=0 fail=7569 err=100.0% p50=58ms p95=308ms p99=956ms statuses[401=293 429=7276]
  cron       ok=80 fail=0 err=0.0% p50=340ms p95=823ms p99=1779ms statuses[200=80]
  reads      ok=0 fail=3792 err=100.0% p50=59ms p95=316ms p99=949ms statuses[401=65 429=2896 503=831]
  webhook    ok=0 fail=760 err=100.0% p50=61ms p95=443ms p99=1235ms statuses[429=144 503=616]

[t+4621s] total=12361 rate=2.7/s
  events     ok=0 fail=7669 err=100.0% p50=58ms p95=307ms p99=955ms statuses[401=296 429=7373]
  cron       ok=80 fail=0 err=0.0% p50=340ms p95=823ms p99=1779ms statuses[200=80]
  reads      ok=0 fail=3842 err=100.0% p50=59ms p95=313ms p99=932ms statuses[401=66 429=2935 503=841]
  webhook    ok=0 fail=770 err=100.0% p50=60ms p95=438ms p99=1235ms statuses[429=146 503=624]

[t+4681s] total=12521 rate=2.7/s
  events     ok=0 fail=7769 err=100.0% p50=58ms p95=301ms p99=954ms statuses[401=299 429=7470]
  cron       ok=80 fail=0 err=0.0% p50=340ms p95=823ms p99=1779ms statuses[200=80]
  reads      ok=0 fail=3892 err=100.0% p50=59ms p95=310ms p99=932ms statuses[401=66 429=2974 503=852]
  webhook    ok=0 fail=780 err=100.0% p50=60ms p95=438ms p99=1235ms statuses[429=148 503=632]

[t+4741s] total=12679 rate=2.7/s
  events     ok=0 fail=7868 err=100.0% p50=58ms p95=300ms p99=951ms statuses[401=305 429=7563]
  cron       ok=80 fail=0 err=0.0% p50=340ms p95=823ms p99=1779ms statuses[200=80]
  reads      ok=0 fail=3941 err=100.0% p50=59ms p95=308ms p99=909ms statuses[401=67 429=3012 503=862]
  webhook    ok=0 fail=790 err=100.0% p50=60ms p95=432ms p99=1235ms statuses[429=150 503=640]

[t+4801s] total=12839 rate=2.7/s
  events     ok=0 fail=7968 err=100.0% p50=58ms p95=297ms p99=944ms statuses[401=310 429=7658]
  cron       ok=80 fail=0 err=0.0% p50=340ms p95=823ms p99=1779ms statuses[200=80]
  reads      ok=0 fail=3991 err=100.0% p50=59ms p95=307ms p99=909ms statuses[401=68 429=3051 503=872]
  webhook    ok=0 fail=800 err=100.0% p50=59ms p95=432ms p99=1235ms statuses[429=152 503=648]

[t+4861s] total=13004 rate=2.7/s
  events     ok=0 fail=8068 err=100.0% p50=58ms p95=300ms p99=955ms statuses[401=318 429=7750]
  cron       ok=85 fail=0 err=0.0% p50=333ms p95=772ms p99=1779ms statuses[200=85]
  reads      ok=0 fail=4041 err=100.0% p50=59ms p95=308ms p99=932ms statuses[401=68 429=3089 503=884]
  webhook    ok=0 fail=810 err=100.0% p50=59ms p95=418ms p99=1222ms statuses[429=153 503=657]

[t+4921s] total=13164 rate=2.7/s
  events     ok=0 fail=8168 err=100.0% p50=58ms p95=298ms p99=954ms statuses[401=326 429=7842]
  cron       ok=85 fail=0 err=0.0% p50=333ms p95=772ms p99=1779ms statuses[200=85]
  reads      ok=0 fail=4091 err=100.0% p50=58ms p95=306ms p99=932ms statuses[401=69 429=3128 503=894]
  webhook    ok=0 fail=820 err=100.0% p50=59ms p95=432ms p99=1222ms statuses[429=155 503=665]

[t+4981s] total=13323 rate=2.7/s
  events     ok=0 fail=8267 err=100.0% p50=57ms p95=295ms p99=951ms statuses[401=330 429=7937]
  cron       ok=85 fail=0 err=0.0% p50=333ms p95=772ms p99=1779ms statuses[200=85]
  reads      ok=0 fail=4141 err=100.0% p50=58ms p95=301ms p99=909ms statuses[401=70 429=3166 503=905]
  webhook    ok=0 fail=830 err=100.0% p50=59ms p95=418ms p99=1222ms statuses[429=157 503=673]

[t+5041s] total=13483 rate=2.7/s
  events     ok=0 fail=8367 err=100.0% p50=57ms p95=293ms p99=944ms statuses[401=333 429=8034]
  cron       ok=85 fail=0 err=0.0% p50=333ms p95=772ms p99=1779ms statuses[200=85]
  reads      ok=0 fail=4191 err=100.0% p50=58ms p95=304ms p99=909ms statuses[401=70 429=3205 503=916]
  webhook    ok=0 fail=840 err=100.0% p50=59ms p95=418ms p99=1222ms statuses[429=159 503=681]

[t+5101s] total=13642 rate=2.7/s
  events     ok=0 fail=8466 err=100.0% p50=57ms p95=290ms p99=944ms statuses[401=337 429=8129]
  cron       ok=85 fail=0 err=0.0% p50=333ms p95=772ms p99=1779ms statuses[200=85]
  reads      ok=0 fail=4241 err=100.0% p50=58ms p95=297ms p99=897ms statuses[401=71 429=3244 503=926]
  webhook    ok=0 fail=850 err=100.0% p50=59ms p95=415ms p99=1222ms statuses[429=161 503=689]

[t+5161s] total=13807 rate=2.7/s
  events     ok=0 fail=8566 err=100.0% p50=57ms p95=289ms p99=943ms statuses[401=343 429=8223]
  cron       ok=90 fail=0 err=0.0% p50=340ms p95=772ms p99=1779ms statuses[200=90]
  reads      ok=0 fail=4291 err=100.0% p50=58ms p95=296ms p99=897ms statuses[401=72 429=3281 503=938]
  webhook    ok=0 fail=860 err=100.0% p50=59ms p95=415ms p99=1222ms statuses[429=162 503=698]

[t+5221s] total=13967 rate=2.7/s
  events     ok=0 fail=8666 err=100.0% p50=57ms p95=288ms p99=942ms statuses[401=346 429=8320]
  cron       ok=90 fail=0 err=0.0% p50=340ms p95=772ms p99=1779ms statuses[200=90]
  reads      ok=0 fail=4341 err=100.0% p50=58ms p95=291ms p99=889ms statuses[401=72 429=3321 503=948]
  webhook    ok=0 fail=870 err=100.0% p50=59ms p95=414ms p99=1222ms statuses[429=163 503=707]

[t+5281s] total=14126 rate=2.7/s
  events     ok=0 fail=8765 err=100.0% p50=57ms p95=286ms p99=938ms statuses[401=349 429=8416]
  cron       ok=90 fail=0 err=0.0% p50=340ms p95=772ms p99=1779ms statuses[200=90]
  reads      ok=0 fail=4391 err=100.0% p50=58ms p95=290ms p99=889ms statuses[401=73 429=3360 503=958]
  webhook    ok=0 fail=880 err=100.0% p50=59ms p95=414ms p99=1222ms statuses[429=165 503=715]

[t+5341s] total=14286 rate=2.7/s
  events     ok=0 fail=8865 err=100.0% p50=57ms p95=283ms p99=930ms statuses[401=353 429=8512]
  cron       ok=90 fail=0 err=0.0% p50=340ms p95=772ms p99=1779ms statuses[200=90]
  reads      ok=0 fail=4441 err=100.0% p50=58ms p95=287ms p99=875ms statuses[401=74 429=3399 503=968]
  webhook    ok=0 fail=890 err=100.0% p50=59ms p95=394ms p99=1222ms statuses[429=166 503=724]

[t+5401s] total=14444 rate=2.7/s
  events     ok=0 fail=8964 err=100.0% p50=57ms p95=281ms p99=924ms statuses[401=356 429=8608]
  cron       ok=90 fail=0 err=0.0% p50=340ms p95=772ms p99=1779ms statuses[200=90]
  reads      ok=0 fail=4490 err=100.0% p50=58ms p95=287ms p99=875ms statuses[401=74 429=3438 503=978]
  webhook    ok=0 fail=900 err=100.0% p50=59ms p95=394ms p99=1222ms statuses[429=167 503=733]

[t+5461s] total=14609 rate=2.7/s
  events     ok=0 fail=9064 err=100.0% p50=58ms p95=279ms p99=915ms statuses[401=360 429=8704]
  cron       ok=95 fail=0 err=0.0% p50=341ms p95=823ms p99=1779ms statuses[200=95]
  reads      ok=0 fail=4540 err=100.0% p50=58ms p95=286ms p99=871ms statuses[401=75 429=3477 503=988]
  webhook    ok=0 fail=910 err=100.0% p50=59ms p95=379ms p99=964ms statuses[429=168 503=742]

[t+5521s] total=14769 rate=2.7/s
  events     ok=0 fail=9164 err=100.0% p50=58ms p95=276ms p99=914ms statuses[401=363 429=8801]
  cron       ok=95 fail=0 err=0.0% p50=341ms p95=823ms p99=1779ms statuses[200=95]
  reads      ok=0 fail=4590 err=100.0% p50=58ms p95=286ms p99=871ms statuses[401=76 429=3516 503=998]
  webhook    ok=0 fail=920 err=100.0% p50=59ms p95=379ms p99=964ms statuses[429=169 503=751]

[t+5581s] total=14928 rate=2.7/s
  events     ok=0 fail=9263 err=100.0% p50=58ms p95=275ms p99=913ms statuses[401=366 429=8897]
  cron       ok=95 fail=0 err=0.0% p50=341ms p95=823ms p99=1779ms statuses[200=95]
  reads      ok=0 fail=4640 err=100.0% p50=58ms p95=286ms p99=866ms statuses[401=76 429=3556 503=1008]
  webhook    ok=0 fail=930 err=100.0% p50=59ms p95=379ms p99=964ms statuses[429=170 503=760]

[t+5641s] total=15087 rate=2.7/s
  events     ok=0 fail=9362 err=100.0% p50=58ms p95=275ms p99=910ms statuses[401=370 429=8992]
  cron       ok=95 fail=0 err=0.0% p50=341ms p95=823ms p99=1779ms statuses[200=95]
  reads      ok=0 fail=4690 err=100.0% p50=59ms p95=286ms p99=866ms statuses[401=78 429=3581 503=1031]
  webhook    ok=0 fail=940 err=100.0% p50=59ms p95=379ms p99=964ms statuses[429=171 503=769]

[t+5701s] total=15247 rate=2.7/s
  events     ok=0 fail=9462 err=100.0% p50=58ms p95=276ms p99=903ms statuses[401=377 429=9085]
  cron       ok=95 fail=0 err=0.0% p50=341ms p95=823ms p99=1779ms statuses[200=95]
  reads      ok=0 fail=4740 err=100.0% p50=59ms p95=288ms p99=854ms statuses[401=79 429=3612 503=1049]
  webhook    ok=0 fail=950 err=100.0% p50=59ms p95=379ms p99=964ms statuses[429=172 503=778]

[t+5761s] total=15412 rate=2.7/s
  events     ok=0 fail=9562 err=100.0% p50=58ms p95=276ms p99=890ms statuses[401=380 429=9182]
  cron       ok=100 fail=0 err=0.0% p50=343ms p95=823ms p99=1779ms statuses[200=100]
  reads      ok=0 fail=4790 err=100.0% p50=59ms p95=286ms p99=854ms statuses[401=79 429=3652 503=1059]
  webhook    ok=0 fail=960 err=100.0% p50=59ms p95=379ms p99=964ms statuses[429=173 503=787]

[t+5821s] total=15572 rate=2.7/s
  events     ok=0 fail=9662 err=100.0% p50=58ms p95=274ms p99=889ms statuses[401=383 429=9279]
  cron       ok=100 fail=0 err=0.0% p50=343ms p95=823ms p99=1779ms statuses[200=100]
  reads      ok=0 fail=4840 err=100.0% p50=59ms p95=286ms p99=854ms statuses[401=80 429=3691 503=1069]
  webhook    ok=0 fail=970 err=100.0% p50=59ms p95=376ms p99=964ms statuses[429=174 503=796]

[t+5881s] total=15731 rate=2.7/s
  events     ok=0 fail=9761 err=100.0% p50=58ms p95=274ms p99=882ms statuses[401=386 429=9375]
  cron       ok=100 fail=0 err=0.0% p50=343ms p95=823ms p99=1779ms statuses[200=100]
  reads      ok=0 fail=4890 err=100.0% p50=59ms p95=283ms p99=854ms statuses[401=81 429=3730 503=1079]
  webhook    ok=0 fail=980 err=100.0% p50=59ms p95=379ms p99=964ms statuses[429=175 503=805]

[t+5941s] total=15891 rate=2.7/s
  events     ok=0 fail=9861 err=100.0% p50=58ms p95=273ms p99=875ms statuses[401=389 429=9472]
  cron       ok=100 fail=0 err=0.0% p50=343ms p95=823ms p99=1779ms statuses[200=100]
  reads      ok=0 fail=4940 err=100.0% p50=59ms p95=283ms p99=819ms statuses[401=81 429=3770 503=1089]
  webhook    ok=0 fail=990 err=100.0% p50=60ms p95=379ms p99=964ms statuses[429=176 503=814]

[t+6001s] total=16051 rate=2.7/s
  events     ok=0 fail=9961 err=100.0% p50=58ms p95=271ms p99=872ms statuses[401=392 429=9569]
  cron       ok=100 fail=0 err=0.0% p50=343ms p95=823ms p99=1779ms statuses[200=100]
  reads      ok=0 fail=4990 err=100.0% p50=59ms p95=282ms p99=819ms statuses[401=82 429=3809 503=1099]
  webhook    ok=0 fail=1000 err=100.0% p50=60ms p95=379ms p99=964ms statuses[429=177 503=823]

[t+6061s] total=16214 rate=2.7/s
  events     ok=0 fail=10060 err=100.0% p50=58ms p95=269ms p99=867ms statuses[401=396 429=9664]
  cron       ok=105 fail=0 err=0.0% p50=341ms p95=772ms p99=967ms statuses[200=105]
  reads      ok=0 fail=5039 err=100.0% p50=58ms p95=280ms p99=805ms statuses[401=83 429=3847 503=1109]
  webhook    ok=0 fail=1010 err=100.0% p50=59ms p95=376ms p99=907ms statuses[429=178 503=832]

[t+6121s] total=16374 rate=2.7/s
  events     ok=0 fail=10160 err=100.0% p50=58ms p95=268ms p99=860ms statuses[401=399 429=9761]
  cron       ok=105 fail=0 err=0.0% p50=341ms p95=772ms p99=967ms statuses[200=105]
  reads      ok=0 fail=5089 err=100.0% p50=58ms p95=278ms p99=805ms statuses[401=83 429=3887 503=1119]
  webhook    ok=0 fail=1020 err=100.0% p50=59ms p95=376ms p99=907ms statuses[429=179 503=841]

[t+6181s] total=16533 rate=2.7/s
  events     ok=0 fail=10259 err=100.0% p50=58ms p95=265ms p99=843ms statuses[401=402 429=9857]
  cron       ok=105 fail=0 err=0.0% p50=341ms p95=772ms p99=967ms statuses[200=105]
  reads      ok=0 fail=5139 err=100.0% p50=58ms p95=278ms p99=791ms statuses[401=84 429=3926 503=1129]
  webhook    ok=0 fail=1030 err=100.0% p50=59ms p95=375ms p99=907ms statuses[429=180 503=850]

[t+6241s] total=16693 rate=2.7/s
  events     ok=0 fail=10359 err=100.0% p50=58ms p95=263ms p99=831ms statuses[401=405 429=9954]
  cron       ok=105 fail=0 err=0.0% p50=341ms p95=772ms p99=967ms statuses[200=105]
  reads      ok=0 fail=5189 err=100.0% p50=58ms p95=274ms p99=791ms statuses[401=85 429=3965 503=1139]
  webhook    ok=0 fail=1040 err=100.0% p50=59ms p95=375ms p99=907ms statuses[429=181 503=859]

[t+6301s] total=16853 rate=2.7/s
  events     ok=0 fail=10459 err=100.0% p50=58ms p95=261ms p99=826ms statuses[401=408 429=10051]
  cron       ok=105 fail=0 err=0.0% p50=341ms p95=772ms p99=967ms statuses[200=105]
  reads      ok=0 fail=5239 err=100.0% p50=58ms p95=272ms p99=772ms statuses[401=85 429=4004 503=1150]
  webhook    ok=0 fail=1050 err=100.0% p50=59ms p95=376ms p99=907ms statuses[429=182 503=868]

[t+6361s] total=17017 rate=2.7/s
  events     ok=0 fail=10558 err=100.0% p50=57ms p95=259ms p99=823ms statuses[401=411 429=10147]
  cron       ok=110 fail=0 err=0.0% p50=341ms p95=772ms p99=967ms statuses[200=110]
  reads      ok=0 fail=5289 err=100.0% p50=58ms p95=272ms p99=772ms statuses[401=86 429=4043 503=1160]
  webhook    ok=0 fail=1060 err=100.0% p50=59ms p95=376ms p99=907ms statuses[429=183 503=877]

[t+6421s] total=17177 rate=2.7/s
  events     ok=0 fail=10658 err=100.0% p50=57ms p95=259ms p99=817ms statuses[401=415 429=10243]
  cron       ok=110 fail=0 err=0.0% p50=341ms p95=772ms p99=967ms statuses[200=110]
  reads      ok=0 fail=5339 err=100.0% p50=58ms p95=272ms p99=764ms statuses[401=87 429=4082 503=1170]
  webhook    ok=0 fail=1070 err=100.0% p50=59ms p95=376ms p99=907ms statuses[429=184 503=886]

[t+6481s] total=17336 rate=2.7/s
  events     ok=0 fail=10757 err=100.0% p50=57ms p95=259ms p99=804ms statuses[401=418 429=10339]
  cron       ok=110 fail=0 err=0.0% p50=341ms p95=772ms p99=967ms statuses[200=110]
  reads      ok=0 fail=5389 err=100.0% p50=58ms p95=272ms p99=764ms statuses[401=87 429=4122 503=1180]
  webhook    ok=0 fail=1080 err=100.0% p50=59ms p95=376ms p99=907ms statuses[429=185 503=895]

[t+6541s] total=17496 rate=2.7/s
  events     ok=0 fail=10857 err=100.0% p50=57ms p95=261ms p99=804ms statuses[401=421 429=10436]
  cron       ok=110 fail=0 err=0.0% p50=341ms p95=772ms p99=967ms statuses[200=110]
  reads      ok=0 fail=5439 err=100.0% p50=58ms p95=272ms p99=764ms statuses[401=88 429=4161 503=1190]
  webhook    ok=0 fail=1090 err=100.0% p50=59ms p95=394ms p99=932ms statuses[429=186 503=904]

[t+6601s] total=17656 rate=2.7/s
  events     ok=0 fail=10957 err=100.0% p50=57ms p95=263ms p99=806ms statuses[401=427 429=10530]
  cron       ok=110 fail=0 err=0.0% p50=341ms p95=772ms p99=967ms statuses[200=110]
  reads      ok=0 fail=5489 err=100.0% p50=58ms p95=272ms p99=764ms statuses[401=90 429=4199 503=1200]
  webhook    ok=0 fail=1100 err=100.0% p50=59ms p95=414ms p99=932ms statuses[429=186 503=914]

[t+6661s] total=17819 rate=2.7/s
  events     ok=0 fail=11056 err=100.0% p50=57ms p95=261ms p99=804ms statuses[401=431 429=10625]
  cron       ok=115 fail=0 err=0.0% p50=332ms p95=772ms p99=967ms statuses[200=115]
  reads      ok=0 fail=5538 err=100.0% p50=58ms p95=277ms p99=764ms statuses[401=90 429=4239 503=1209]
  webhook    ok=0 fail=1110 err=100.0% p50=59ms p95=414ms p99=907ms statuses[429=187 503=923]

[t+6721s] total=17979 rate=2.7/s
  events     ok=0 fail=11156 err=100.0% p50=57ms p95=260ms p99=804ms statuses[401=438 429=10718]
  cron       ok=115 fail=0 err=0.0% p50=332ms p95=772ms p99=967ms statuses[200=115]
  reads      ok=0 fail=5588 err=100.0% p50=58ms p95=274ms p99=764ms statuses[401=91 429=4277 503=1220]
  webhook    ok=0 fail=1120 err=100.0% p50=59ms p95=414ms p99=907ms statuses[429=188 503=932]

[t+6781s] total=18139 rate=2.7/s
  events     ok=0 fail=11256 err=100.0% p50=57ms p95=258ms p99=803ms statuses[401=441 429=10815]
  cron       ok=115 fail=0 err=0.0% p50=332ms p95=772ms p99=967ms statuses[200=115]
  reads      ok=0 fail=5638 err=100.0% p50=58ms p95=274ms p99=764ms statuses[401=92 429=4316 503=1230]
  webhook    ok=0 fail=1130 err=100.0% p50=59ms p95=414ms p99=907ms statuses[429=189 503=941]

[t+6841s] total=18298 rate=2.7/s
  events     ok=0 fail=11355 err=100.0% p50=58ms p95=257ms p99=794ms statuses[401=444 429=10911]
  cron       ok=115 fail=0 err=0.0% p50=332ms p95=772ms p99=967ms statuses[200=115]
  reads      ok=0 fail=5688 err=100.0% p50=58ms p95=272ms p99=764ms statuses[401=93 429=4355 503=1240]
  webhook    ok=0 fail=1140 err=100.0% p50=60ms p95=414ms p99=907ms statuses[429=190 503=950]

[t+6901s] total=18458 rate=2.7/s
  events     ok=0 fail=11455 err=100.0% p50=58ms p95=257ms p99=791ms statuses[401=447 429=11008]
  cron       ok=115 fail=0 err=0.0% p50=332ms p95=772ms p99=967ms statuses[200=115]
  reads      ok=0 fail=5738 err=100.0% p50=58ms p95=272ms p99=754ms statuses[401=93 429=4395 503=1250]
  webhook    ok=0 fail=1150 err=100.0% p50=60ms p95=403ms p99=907ms statuses[429=191 503=959]

[t+6961s] total=18622 rate=2.7/s
  events     ok=0 fail=11554 err=100.0% p50=58ms p95=257ms p99=791ms statuses[401=451 429=11103]
  cron       ok=120 fail=0 err=0.0% p50=333ms p95=772ms p99=967ms statuses[200=120]
  reads      ok=0 fail=5788 err=100.0% p50=58ms p95=272ms p99=754ms statuses[401=94 429=4434 503=1260]
  webhook    ok=0 fail=1160 err=100.0% p50=60ms p95=403ms p99=907ms statuses[429=192 503=968]

[t+7021s] total=18778 rate=2.7/s
  events     ok=0 fail=11652 err=100.0% p50=58ms p95=258ms p99=794ms statuses[401=454 429=11198]
  cron       ok=120 fail=0 err=0.0% p50=333ms p95=772ms p99=967ms statuses[200=120]
  reads      ok=0 fail=5836 err=100.0% p50=58ms p95=274ms p99=751ms statuses[401=95 429=4471 503=1270]
  webhook    ok=0 fail=1170 err=100.0% p50=60ms p95=403ms p99=907ms statuses[429=193 503=977]

[t+7081s] total=18942 rate=2.7/s
  events     ok=0 fail=11754 err=100.0% p50=58ms p95=274ms p99=817ms statuses[401=458 429=11296]
  cron       ok=120 fail=0 err=0.0% p50=333ms p95=772ms p99=967ms statuses[200=120]
  reads      ok=0 fail=5888 err=100.0% p50=58ms p95=286ms p99=772ms statuses[401=95 429=4513 503=1280]
  webhook    ok=0 fail=1180 err=100.0% p50=60ms p95=415ms p99=907ms statuses[429=194 503=986]

[t+7141s] total=19101 rate=2.7/s
  events     ok=0 fail=11853 err=100.0% p50=58ms p95=276ms p99=813ms statuses[401=462 429=11391]
  cron       ok=120 fail=0 err=0.0% p50=333ms p95=772ms p99=967ms statuses[200=120]
  reads      ok=0 fail=5938 err=100.0% p50=58ms p95=290ms p99=764ms statuses[401=95 429=4553 503=1290]
  webhook    ok=0 fail=1190 err=100.0% p50=60ms p95=414ms p99=907ms statuses[429=195 503=995]

[t+7201s] total=19260 rate=2.7/s
  events     ok=0 fail=11953 err=100.0% p50=58ms p95=276ms p99=813ms statuses[401=469 429=11484]
  cron       ok=120 fail=0 err=0.0% p50=333ms p95=772ms p99=967ms statuses[200=120]
  reads      ok=0 fail=5987 err=100.0% p50=58ms p95=290ms p99=764ms statuses[401=96 429=4591 503=1300]
  webhook    ok=0 fail=1200 err=100.0% p50=60ms p95=415ms p99=907ms statuses[429=196 503=1004]

[t+7261s] total=19423 rate=2.7/s
  events     ok=0 fail=12051 err=100.0% p50=58ms p95=277ms p99=813ms statuses[401=473 429=11578]
  cron       ok=125 fail=0 err=0.0% p50=341ms p95=923ms p99=1243ms statuses[200=125]
  reads      ok=0 fail=6037 err=100.0% p50=58ms p95=291ms p99=764ms statuses[401=97 429=4621 503=1319]
  webhook    ok=0 fail=1210 err=100.0% p50=60ms p95=418ms p99=891ms statuses[429=196 503=1014]

[t+7321s] total=19583 rate=2.7/s
  events     ok=0 fail=12151 err=100.0% p50=58ms p95=276ms p99=813ms statuses[401=479 429=11672]
  cron       ok=125 fail=0 err=0.0% p50=341ms p95=923ms p99=1243ms statuses[200=125]
  reads      ok=0 fail=6087 err=100.0% p50=59ms p95=290ms p99=764ms statuses[401=98 429=4660 503=1329]
  webhook    ok=0 fail=1220 err=100.0% p50=60ms p95=418ms p99=891ms statuses[429=198 503=1022]

[t+7381s] total=19742 rate=2.7/s
  events     ok=0 fail=12250 err=100.0% p50=58ms p95=277ms p99=826ms statuses[401=485 429=11765]
  cron       ok=125 fail=0 err=0.0% p50=341ms p95=923ms p99=1243ms statuses[200=125]
  reads      ok=0 fail=6137 err=100.0% p50=59ms p95=290ms p99=764ms statuses[401=100 429=4696 503=1341]
  webhook    ok=0 fail=1230 err=100.0% p50=60ms p95=418ms p99=907ms statuses[429=199 503=1031]

[t+7441s] total=19902 rate=2.7/s
  events     ok=0 fail=12350 err=100.0% p50=58ms p95=277ms p99=823ms statuses[401=488 429=11862]
  cron       ok=125 fail=0 err=0.0% p50=341ms p95=923ms p99=1243ms statuses[200=125]
  reads      ok=0 fail=6187 err=100.0% p50=59ms p95=290ms p99=764ms statuses[401=101 429=4735 503=1351]
  webhook    ok=0 fail=1240 err=100.0% p50=61ms p95=418ms p99=907ms statuses[429=201 503=1039]

[t+7501s] total=20062 rate=2.7/s
  events     ok=0 fail=12450 err=100.0% p50=58ms p95=276ms p99=817ms statuses[401=492 429=11958]
  cron       ok=125 fail=0 err=0.0% p50=341ms p95=923ms p99=1243ms statuses[200=125]
  reads      ok=0 fail=6237 err=100.0% p50=59ms p95=288ms p99=764ms statuses[401=103 429=4769 503=1365]
  webhook    ok=0 fail=1250 err=100.0% p50=61ms p95=415ms p99=907ms statuses[429=203 503=1047]

[t+7561s] total=20226 rate=2.7/s
  events     ok=0 fail=12549 err=100.0% p50=59ms p95=276ms p99=817ms statuses[401=498 429=12051]
  cron       ok=130 fail=0 err=0.0% p50=343ms p95=923ms p99=1243ms statuses[200=130]
  reads      ok=0 fail=6287 err=100.0% p50=59ms p95=288ms p99=764ms statuses[401=104 429=4790 503=1393]
  webhook    ok=0 fail=1260 err=100.0% p50=61ms p95=418ms p99=907ms statuses[429=204 503=1056]

[t+7621s] total=20385 rate=2.7/s
  events     ok=0 fail=12649 err=100.0% p50=59ms p95=279ms p99=823ms statuses[401=507 429=12142]
  cron       ok=130 fail=0 err=0.0% p50=343ms p95=923ms p99=1243ms statuses[200=130]
  reads      ok=0 fail=6336 err=100.0% p50=59ms p95=290ms p99=754ms statuses[401=105 429=4826 503=1405]
  webhook    ok=0 fail=1270 err=100.0% p50=61ms p95=415ms p99=907ms statuses[429=206 503=1064]

[t+7681s] total=20545 rate=2.7/s
  events     ok=0 fail=12749 err=100.0% p50=59ms p95=281ms p99=817ms statuses[401=511 429=12238]
  cron       ok=130 fail=0 err=0.0% p50=343ms p95=923ms p99=1243ms statuses[200=130]
  reads      ok=0 fail=6386 err=100.0% p50=59ms p95=290ms p99=754ms statuses[401=107 429=4863 503=1416]
  webhook    ok=0 fail=1280 err=100.0% p50=61ms p95=415ms p99=907ms statuses[429=208 503=1072]

[t+7741s] total=20704 rate=2.7/s
  events     ok=0 fail=12848 err=100.0% p50=59ms p95=279ms p99=814ms statuses[401=514 429=12334]
  cron       ok=130 fail=0 err=0.0% p50=343ms p95=923ms p99=1243ms statuses[200=130]
  reads      ok=0 fail=6436 err=100.0% p50=59ms p95=290ms p99=751ms statuses[401=107 429=4901 503=1428]
  webhook    ok=0 fail=1290 err=100.0% p50=61ms p95=418ms p99=907ms statuses[429=210 503=1080]

[t+7801s] total=20864 rate=2.7/s
  events     ok=0 fail=12948 err=100.0% p50=59ms p95=279ms p99=813ms statuses[401=518 429=12430]
  cron       ok=130 fail=0 err=0.0% p50=343ms p95=923ms p99=1243ms statuses[200=130]
  reads      ok=0 fail=6486 err=100.0% p50=59ms p95=288ms p99=754ms statuses[401=109 429=4936 503=1441]
  webhook    ok=0 fail=1300 err=100.0% p50=61ms p95=424ms p99=907ms statuses[429=212 503=1088]

[t+7861s] total=21029 rate=2.7/s
  events     ok=0 fail=13048 err=100.0% p50=59ms p95=278ms p99=813ms statuses[401=523 429=12525]
  cron       ok=135 fail=0 err=0.0% p50=341ms p95=923ms p99=1243ms statuses[200=135]
  reads      ok=0 fail=6536 err=100.0% p50=59ms p95=287ms p99=751ms statuses[401=111 429=4962 503=1463]
  webhook    ok=0 fail=1310 err=100.0% p50=61ms p95=418ms p99=891ms statuses[429=214 503=1096]

[t+7921s] total=21188 rate=2.7/s
  events     ok=0 fail=13147 err=100.0% p50=59ms p95=276ms p99=806ms statuses[401=531 429=12616]
  cron       ok=135 fail=0 err=0.0% p50=341ms p95=923ms p99=1243ms statuses[200=135]
  reads      ok=0 fail=6586 err=100.0% p50=59ms p95=286ms p99=751ms statuses[401=112 429=4999 503=1475]
  webhook    ok=0 fail=1320 err=100.0% p50=61ms p95=418ms p99=891ms statuses[429=216 503=1104]

[t+7981s] total=21348 rate=2.7/s
  events     ok=0 fail=13247 err=100.0% p50=59ms p95=275ms p99=804ms statuses[401=536 429=12711]
  cron       ok=135 fail=0 err=0.0% p50=341ms p95=923ms p99=1243ms statuses[200=135]
  reads      ok=0 fail=6636 err=100.0% p50=59ms p95=286ms p99=746ms statuses[401=113 429=5036 503=1487]
  webhook    ok=0 fail=1330 err=100.0% p50=61ms p95=418ms p99=891ms statuses[429=217 503=1113]

[t+8041s] total=21507 rate=2.7/s
  events     ok=0 fail=13346 err=100.0% p50=58ms p95=274ms p99=804ms statuses[401=540 429=12806]
  cron       ok=135 fail=0 err=0.0% p50=341ms p95=923ms p99=1243ms statuses[200=135]
  reads      ok=0 fail=6686 err=100.0% p50=59ms p95=286ms p99=746ms statuses[401=114 429=5075 503=1497]
  webhook    ok=0 fail=1340 err=100.0% p50=61ms p95=418ms p99=891ms statuses[429=219 503=1121]

[t+8101s] total=21667 rate=2.7/s
  events     ok=0 fail=13446 err=100.0% p50=58ms p95=274ms p99=803ms statuses[401=544 429=12902]
  cron       ok=135 fail=0 err=0.0% p50=341ms p95=923ms p99=1243ms statuses[200=135]
  reads      ok=0 fail=6736 err=100.0% p50=59ms p95=283ms p99=737ms statuses[401=115 429=5114 503=1507]
  webhook    ok=0 fail=1350 err=100.0% p50=61ms p95=424ms p99=891ms statuses[429=221 503=1129]

[t+8161s] total=21832 rate=2.7/s
  events     ok=0 fail=13546 err=100.0% p50=58ms p95=273ms p99=794ms statuses[401=547 429=12999]
  cron       ok=140 fail=0 err=0.0% p50=341ms p95=923ms p99=1243ms statuses[200=140]
  reads      ok=0 fail=6786 err=100.0% p50=59ms p95=283ms p99=737ms statuses[401=116 429=5147 503=1523]
  webhook    ok=0 fail=1360 err=100.0% p50=61ms p95=424ms p99=891ms statuses[429=223 503=1137]

[t+8221s] total=21990 rate=2.7/s
  events     ok=0 fail=13645 err=100.0% p50=58ms p95=272ms p99=791ms statuses[401=551 429=13094]
  cron       ok=140 fail=0 err=0.0% p50=341ms p95=923ms p99=1243ms statuses[200=140]
  reads      ok=0 fail=6835 err=100.0% p50=59ms p95=282ms p99=734ms statuses[401=118 429=5172 503=1545]
  webhook    ok=0 fail=1370 err=100.0% p50=61ms p95=418ms p99=891ms statuses[429=225 503=1145]

[t+8281s] total=22150 rate=2.7/s
  events     ok=0 fail=13745 err=100.0% p50=58ms p95=271ms p99=787ms statuses[401=559 429=13186]
  cron       ok=140 fail=0 err=0.0% p50=341ms p95=923ms p99=1243ms statuses[200=140]
  reads      ok=0 fail=6885 err=100.0% p50=59ms p95=282ms p99=734ms statuses[401=119 429=5208 503=1558]
  webhook    ok=0 fail=1380 err=100.0% p50=61ms p95=418ms p99=891ms statuses[429=227 503=1153]

[t+8341s] total=22309 rate=2.7/s
  events     ok=0 fail=13844 err=100.0% p50=58ms p95=269ms p99=780ms statuses[401=563 429=13281]
  cron       ok=140 fail=0 err=0.0% p50=341ms p95=923ms p99=1243ms statuses[200=140]
  reads      ok=0 fail=6935 err=100.0% p50=58ms p95=282ms p99=724ms statuses[401=119 429=5248 503=1568]
  webhook    ok=0 fail=1390 err=100.0% p50=60ms p95=415ms p99=891ms statuses[429=229 503=1161]

[t+8401s] total=22469 rate=2.7/s
  events     ok=0 fail=13944 err=100.0% p50=58ms p95=268ms p99=779ms statuses[401=567 429=13377]
  cron       ok=140 fail=0 err=0.0% p50=341ms p95=923ms p99=1243ms statuses[200=140]
  reads      ok=0 fail=6985 err=100.0% p50=58ms p95=282ms p99=724ms statuses[401=119 429=5286 503=1580]
  webhook    ok=0 fail=1400 err=100.0% p50=60ms p95=415ms p99=891ms statuses[429=231 503=1169]

[t+8461s] total=22634 rate=2.7/s
  events     ok=0 fail=14044 err=100.0% p50=58ms p95=267ms p99=777ms statuses[401=571 429=13473]
  cron       ok=145 fail=0 err=0.0% p50=334ms p95=915ms p99=1243ms statuses[200=145]
  reads      ok=0 fail=7035 err=100.0% p50=58ms p95=282ms p99=722ms statuses[401=120 429=5323 503=1592]
  webhook    ok=0 fail=1410 err=100.0% p50=60ms p95=414ms p99=886ms statuses[429=232 503=1178]

[t+8521s] total=22793 rate=2.7/s
  events     ok=0 fail=14143 err=100.0% p50=58ms p95=266ms p99=777ms statuses[401=574 429=13569]
  cron       ok=145 fail=0 err=0.0% p50=334ms p95=915ms p99=1243ms statuses[200=145]
  reads      ok=0 fail=7085 err=100.0% p50=58ms p95=282ms p99=722ms statuses[401=123 429=5344 503=1618]
  webhook    ok=0 fail=1420 err=100.0% p50=60ms p95=414ms p99=886ms statuses[429=234 503=1186]

[t+8581s] total=22953 rate=2.7/s
  events     ok=0 fail=14243 err=100.0% p50=58ms p95=264ms p99=769ms statuses[401=582 429=13661]
  cron       ok=145 fail=0 err=0.0% p50=334ms p95=915ms p99=1243ms statuses[200=145]
  reads      ok=0 fail=7135 err=100.0% p50=59ms p95=282ms p99=716ms statuses[401=123 429=5381 503=1631]
  webhook    ok=0 fail=1430 err=100.0% p50=60ms p95=409ms p99=886ms statuses[429=236 503=1194]

[t+8641s] total=23112 rate=2.7/s
  events     ok=0 fail=14342 err=100.0% p50=58ms p95=263ms p99=769ms statuses[401=588 429=13754]
  cron       ok=145 fail=0 err=0.0% p50=334ms p95=915ms p99=1243ms statuses[200=145]
  reads      ok=0 fail=7185 err=100.0% p50=59ms p95=278ms p99=716ms statuses[401=124 429=5420 503=1641]
  webhook    ok=0 fail=1440 err=100.0% p50=60ms p95=409ms p99=886ms statuses[429=237 503=1203]

[t+8701s] total=23272 rate=2.7/s
  events     ok=0 fail=14442 err=100.0% p50=58ms p95=261ms p99=765ms statuses[401=591 429=13851]
  cron       ok=145 fail=0 err=0.0% p50=334ms p95=915ms p99=1243ms statuses[200=145]
  reads      ok=0 fail=7235 err=100.0% p50=59ms p95=278ms p99=713ms statuses[401=127 429=5456 503=1652]
  webhook    ok=0 fail=1450 err=100.0% p50=61ms p95=403ms p99=886ms statuses[429=238 503=1212]

[t+8761s] total=23436 rate=2.7/s
  events     ok=0 fail=14542 err=100.0% p50=58ms p95=261ms p99=764ms statuses[401=594 429=13948]
  cron       ok=150 fail=0 err=0.0% p50=341ms p95=915ms p99=1243ms statuses[200=150]
  reads      ok=0 fail=7284 err=100.0% p50=59ms p95=278ms p99=713ms statuses[401=128 429=5490 503=1666]
  webhook    ok=0 fail=1460 err=100.0% p50=61ms p95=403ms p99=886ms statuses[429=240 503=1220]

[t+8821s] total=23595 rate=2.7/s
  events     ok=0 fail=14641 err=100.0% p50=58ms p95=261ms p99=763ms statuses[401=600 429=14041]
  cron       ok=150 fail=0 err=0.0% p50=341ms p95=915ms p99=1243ms statuses[200=150]
  reads      ok=0 fail=7334 err=100.0% p50=59ms p95=278ms p99=693ms statuses[401=131 429=5519 503=1684]
  webhook    ok=0 fail=1470 err=100.0% p50=61ms p95=395ms p99=886ms statuses[429=242 503=1228]

[t+8881s] total=23755 rate=2.7/s
  events     ok=0 fail=14741 err=100.0% p50=58ms p95=260ms p99=757ms statuses[401=604 429=14137]
  cron       ok=150 fail=0 err=0.0% p50=341ms p95=915ms p99=1243ms statuses[200=150]
  reads      ok=0 fail=7384 err=100.0% p50=59ms p95=277ms p99=693ms statuses[401=132 429=5552 503=1700]
  webhook    ok=0 fail=1480 err=100.0% p50=61ms p95=395ms p99=886ms statuses[429=243 503=1237]

[t+8941s] total=23915 rate=2.7/s
  events     ok=0 fail=14841 err=100.0% p50=58ms p95=259ms p99=748ms statuses[401=611 429=14230]
  cron       ok=150 fail=0 err=0.0% p50=341ms p95=915ms p99=1243ms statuses[200=150]
  reads      ok=0 fail=7434 err=100.0% p50=59ms p95=277ms p99=693ms statuses[401=132 429=5591 503=1711]
  webhook    ok=0 fail=1490 err=100.0% p50=61ms p95=394ms p99=886ms statuses[429=244 503=1246]

[t+9001s] total=24074 rate=2.7/s
  events     ok=0 fail=14940 err=100.0% p50=59ms p95=259ms p99=748ms statuses[401=616 429=14324]
  cron       ok=150 fail=0 err=0.0% p50=341ms p95=915ms p99=1243ms statuses[200=150]
  reads      ok=0 fail=7484 err=100.0% p50=59ms p95=274ms p99=693ms statuses[401=133 429=5630 503=1721]
  webhook    ok=0 fail=1500 err=100.0% p50=61ms p95=394ms p99=886ms statuses[429=246 503=1254]

[t+9061s] total=24237 rate=2.7/s
  events     ok=0 fail=15039 err=100.0% p50=59ms p95=261ms p99=745ms statuses[401=622 429=14417]
  cron       ok=155 fail=0 err=0.0% p50=341ms p95=915ms p99=1243ms statuses[200=155]
  reads      ok=0 fail=7533 err=100.0% p50=59ms p95=277ms p99=681ms statuses[401=134 429=5663 503=1736]
  webhook    ok=0 fail=1510 err=100.0% p50=61ms p95=389ms p99=876ms statuses[429=247 503=1263]

[t+9121s] total=24397 rate=2.7/s
  events     ok=0 fail=15139 err=100.0% p50=59ms p95=260ms p99=744ms statuses[401=630 429=14509]
  cron       ok=155 fail=0 err=0.0% p50=341ms p95=915ms p99=1243ms statuses[200=155]
  reads      ok=0 fail=7583 err=100.0% p50=59ms p95=274ms p99=681ms statuses[401=134 429=5699 503=1750]
  webhook    ok=0 fail=1520 err=100.0% p50=61ms p95=389ms p99=876ms statuses[429=249 503=1271]

[t+9181s] total=24556 rate=2.7/s
  events     ok=0 fail=15238 err=100.0% p50=59ms p95=259ms p99=742ms statuses[401=633 429=14605]
  cron       ok=155 fail=0 err=0.0% p50=341ms p95=915ms p99=1243ms statuses[200=155]
  reads      ok=0 fail=7633 err=100.0% p50=59ms p95=272ms p99=678ms statuses[401=135 429=5738 503=1760]
  webhook    ok=0 fail=1530 err=100.0% p50=61ms p95=389ms p99=876ms statuses[429=251 503=1279]

[t+9241s] total=24716 rate=2.7/s
  events     ok=0 fail=15338 err=100.0% p50=59ms p95=258ms p99=735ms statuses[401=638 429=14700]
  cron       ok=155 fail=0 err=0.0% p50=341ms p95=915ms p99=1243ms statuses[200=155]
  reads      ok=0 fail=7683 err=100.0% p50=59ms p95=272ms p99=678ms statuses[401=136 429=5777 503=1770]
  webhook    ok=0 fail=1540 err=100.0% p50=61ms p95=389ms p99=876ms statuses[429=252 503=1288]

[t+9301s] total=24875 rate=2.7/s
  events     ok=0 fail=15437 err=100.0% p50=59ms p95=257ms p99=732ms statuses[401=641 429=14796]
  cron       ok=155 fail=0 err=0.0% p50=341ms p95=915ms p99=1243ms statuses[200=155]
  reads      ok=0 fail=7733 err=100.0% p50=59ms p95=272ms p99=678ms statuses[401=136 429=5816 503=1781]
  webhook    ok=0 fail=1550 err=100.0% p50=61ms p95=380ms p99=876ms statuses[429=254 503=1296]

[t+9361s] total=25040 rate=2.7/s
  events     ok=0 fail=15537 err=100.0% p50=59ms p95=256ms p99=732ms statuses[401=644 429=14893]
  cron       ok=160 fail=0 err=0.0% p50=340ms p95=915ms p99=1243ms statuses[200=160]
  reads      ok=0 fail=7783 err=100.0% p50=59ms p95=272ms p99=678ms statuses[401=139 429=5852 503=1792]
  webhook    ok=0 fail=1560 err=100.0% p50=61ms p95=380ms p99=876ms statuses[429=256 503=1304]

[t+9421s] total=25200 rate=2.7/s
  events     ok=0 fail=15637 err=100.0% p50=59ms p95=257ms p99=723ms statuses[401=651 429=14986]
  cron       ok=160 fail=0 err=0.0% p50=340ms p95=915ms p99=1243ms statuses[200=160]
  reads      ok=0 fail=7833 err=100.0% p50=59ms p95=272ms p99=677ms statuses[401=140 429=5873 503=1820]
  webhook    ok=0 fail=1570 err=100.0% p50=61ms p95=379ms p99=876ms statuses[429=257 503=1313]

[t+9481s] total=25358 rate=2.7/s
  events     ok=0 fail=15736 err=100.0% p50=59ms p95=258ms p99=732ms statuses[401=658 429=15078]
  cron       ok=160 fail=0 err=0.0% p50=340ms p95=915ms p99=1243ms statuses[200=160]
  reads      ok=0 fail=7882 err=100.0% p50=59ms p95=272ms p99=677ms statuses[401=140 429=5908 503=1834]
  webhook    ok=0 fail=1580 err=100.0% p50=61ms p95=379ms p99=876ms statuses[429=258 503=1322]

[t+9541s] total=25519 rate=2.7/s
  events     ok=0 fail=15836 err=100.0% p50=59ms p95=258ms p99=723ms statuses[401=661 429=15175]
  cron       ok=160 fail=0 err=0.0% p50=340ms p95=915ms p99=1243ms statuses[200=160]
  reads      ok=0 fail=7933 err=100.0% p50=59ms p95=272ms p99=671ms statuses[401=141 429=5945 503=1847]
  webhook    ok=0 fail=1590 err=100.0% p50=61ms p95=376ms p99=876ms statuses[429=260 503=1330]

[t+9601s] total=25678 rate=2.7/s
  events     ok=0 fail=15936 err=100.0% p50=59ms p95=257ms p99=719ms statuses[401=667 429=15269]
  cron       ok=160 fail=0 err=0.0% p50=340ms p95=915ms p99=1243ms statuses[200=160]
  reads      ok=0 fail=7982 err=100.0% p50=59ms p95=272ms p99=671ms statuses[401=142 429=5983 503=1857]
  webhook    ok=0 fail=1600 err=100.0% p50=61ms p95=376ms p99=876ms statuses[429=262 503=1338]

[t+9661s] total=25842 rate=2.7/s
  events     ok=0 fail=16035 err=100.0% p50=59ms p95=256ms p99=715ms statuses[401=670 429=15365]
  cron       ok=165 fail=0 err=0.0% p50=332ms p95=896ms p99=1243ms statuses[200=165]
  reads      ok=0 fail=8032 err=100.0% p50=59ms p95=272ms p99=669ms statuses[401=142 429=6023 503=1867]
  webhook    ok=0 fail=1610 err=100.0% p50=61ms p95=375ms p99=863ms statuses[429=264 503=1346]

[t+9721s] total=26002 rate=2.7/s
  events     ok=0 fail=16135 err=100.0% p50=59ms p95=256ms p99=713ms statuses[401=673 429=15462]
  cron       ok=165 fail=0 err=0.0% p50=332ms p95=896ms p99=1243ms statuses[200=165]
  reads      ok=0 fail=8082 err=100.0% p50=59ms p95=271ms p99=669ms statuses[401=144 429=6060 503=1878]
  webhook    ok=0 fail=1620 err=100.0% p50=62ms p95=375ms p99=863ms statuses[429=265 503=1355]

[t+9781s] total=26162 rate=2.7/s
  events     ok=0 fail=16235 err=100.0% p50=59ms p95=256ms p99=710ms statuses[401=676 429=15559]
  cron       ok=165 fail=0 err=0.0% p50=332ms p95=896ms p99=1243ms statuses[200=165]
  reads      ok=0 fail=8132 err=100.0% p50=59ms p95=271ms p99=665ms statuses[401=147 429=6081 503=1904]
  webhook    ok=0 fail=1630 err=100.0% p50=62ms p95=370ms p99=863ms statuses[429=266 503=1364]

[t+9841s] total=26321 rate=2.7/s
  events     ok=0 fail=16334 err=100.0% p50=59ms p95=255ms p99=709ms statuses[401=680 429=15654]
  cron       ok=165 fail=0 err=0.0% p50=332ms p95=896ms p99=1243ms statuses[200=165]
  reads      ok=0 fail=8182 err=100.0% p50=59ms p95=270ms p99=665ms statuses[401=147 429=6116 503=1919]
  webhook    ok=0 fail=1640 err=100.0% p50=62ms p95=370ms p99=863ms statuses[429=267 503=1373]

[t+9901s] total=26481 rate=2.7/s
  events     ok=0 fail=16434 err=100.0% p50=59ms p95=255ms p99=708ms statuses[401=685 429=15749]
  cron       ok=165 fail=0 err=0.0% p50=332ms p95=896ms p99=1243ms statuses[200=165]
  reads      ok=0 fail=8232 err=100.0% p50=59ms p95=270ms p99=663ms statuses[401=148 429=6154 503=1930]
  webhook    ok=0 fail=1650 err=100.0% p50=61ms p95=370ms p99=863ms statuses[429=269 503=1381]

[t+9961s] total=26646 rate=2.7/s
  events     ok=0 fail=16534 err=100.0% p50=59ms p95=254ms p99=706ms statuses[401=690 429=15844]
  cron       ok=170 fail=0 err=0.0% p50=325ms p95=896ms p99=1243ms statuses[200=170]
  reads      ok=0 fail=8282 err=100.0% p50=59ms p95=270ms p99=663ms statuses[401=149 429=6193 503=1940]
  webhook    ok=0 fail=1660 err=100.0% p50=61ms p95=370ms p99=863ms statuses[429=270 503=1390]

[t+10021s] total=26805 rate=2.7/s
  events     ok=0 fail=16633 err=100.0% p50=59ms p95=255ms p99=703ms statuses[401=693 429=15940]
  cron       ok=170 fail=0 err=0.0% p50=325ms p95=896ms p99=1243ms statuses[200=170]
  reads      ok=0 fail=8332 err=100.0% p50=59ms p95=272ms p99=663ms statuses[401=152 429=6227 503=1953]
  webhook    ok=0 fail=1670 err=100.0% p50=61ms p95=370ms p99=863ms statuses[429=272 503=1398]

[t+10081s] total=26965 rate=2.7/s
  events     ok=0 fail=16733 err=100.0% p50=59ms p95=255ms p99=701ms statuses[401=698 429=16035]
  cron       ok=170 fail=0 err=0.0% p50=325ms p95=896ms p99=1243ms statuses[200=170]
  reads      ok=0 fail=8382 err=100.0% p50=59ms p95=271ms p99=663ms statuses[401=155 429=6254 503=1973]
  webhook    ok=0 fail=1680 err=100.0% p50=61ms p95=370ms p99=863ms statuses[429=273 503=1407]

[t+10141s] total=27124 rate=2.7/s
  events     ok=0 fail=16832 err=100.0% p50=59ms p95=255ms p99=701ms statuses[401=706 429=16126]
  cron       ok=170 fail=0 err=0.0% p50=325ms p95=896ms p99=1243ms statuses[200=170]
  reads      ok=0 fail=8432 err=100.0% p50=59ms p95=270ms p99=662ms statuses[401=156 429=6287 503=1989]
  webhook    ok=0 fail=1690 err=100.0% p50=61ms p95=368ms p99=863ms statuses[429=274 503=1416]

[t+10201s] total=27283 rate=2.7/s
  events     ok=0 fail=16932 err=100.0% p50=59ms p95=254ms p99=698ms statuses[401=710 429=16222]
  cron       ok=170 fail=0 err=0.0% p50=325ms p95=896ms p99=1243ms statuses[200=170]
  reads      ok=0 fail=8481 err=100.0% p50=59ms p95=270ms p99=662ms statuses[401=156 429=6325 503=2000]
  webhook    ok=0 fail=1700 err=100.0% p50=61ms p95=370ms p99=863ms statuses[429=276 503=1424]

[t+10261s] total=27448 rate=2.7/s
  events     ok=0 fail=17032 err=100.0% p50=59ms p95=253ms p99=696ms statuses[401=713 429=16319]
  cron       ok=175 fail=0 err=0.0% p50=322ms p95=896ms p99=1243ms statuses[200=175]
  reads      ok=0 fail=8531 err=100.0% p50=59ms p95=270ms p99=662ms statuses[401=157 429=6364 503=2010]
  webhook    ok=0 fail=1710 err=100.0% p50=61ms p95=370ms p99=859ms statuses[429=278 503=1432]

[t+10321s] total=27607 rate=2.7/s
  events     ok=0 fail=17131 err=100.0% p50=59ms p95=252ms p99=691ms statuses[401=719 429=16412]
  cron       ok=175 fail=0 err=0.0% p50=322ms p95=896ms p99=1243ms statuses[200=175]
  reads      ok=0 fail=8581 err=100.0% p50=59ms p95=270ms p99=662ms statuses[401=158 429=6403 503=2020]
  webhook    ok=0 fail=1720 err=100.0% p50=61ms p95=370ms p99=859ms statuses[429=280 503=1440]

[t+10381s] total=27767 rate=2.7/s
  events     ok=0 fail=17231 err=100.0% p50=59ms p95=251ms p99=688ms statuses[401=723 429=16508]
  cron       ok=175 fail=0 err=0.0% p50=322ms p95=896ms p99=1243ms statuses[200=175]
  reads      ok=0 fail=8631 err=100.0% p50=59ms p95=269ms p99=657ms statuses[401=162 429=6439 503=2030]
  webhook    ok=0 fail=1730 err=100.0% p50=61ms p95=368ms p99=859ms statuses[429=282 503=1448]

[t+10441s] total=27926 rate=2.7/s
  events     ok=0 fail=17330 err=100.0% p50=59ms p95=251ms p99=687ms statuses[401=727 429=16603]
  cron       ok=175 fail=0 err=0.0% p50=322ms p95=896ms p99=1243ms statuses[200=175]
  reads      ok=0 fail=8681 err=100.0% p50=59ms p95=268ms p99=657ms statuses[401=164 429=6463 503=2054]
  webhook    ok=0 fail=1740 err=100.0% p50=61ms p95=375ms p99=859ms statuses[429=284 503=1456]

[t+10501s] total=28086 rate=2.7/s
  events     ok=0 fail=17430 err=100.0% p50=59ms p95=249ms p99=681ms statuses[401=730 429=16700]
  cron       ok=175 fail=0 err=0.0% p50=322ms p95=896ms p99=1243ms statuses[200=175]
  reads      ok=0 fail=8731 err=100.0% p50=59ms p95=268ms p99=657ms statuses[401=167 429=6494 503=2070]
  webhook    ok=0 fail=1750 err=100.0% p50=61ms p95=370ms p99=859ms statuses[429=285 503=1465]

[t+10561s] total=28251 rate=2.7/s
  events     ok=0 fail=17530 err=100.0% p50=58ms p95=249ms p99=678ms statuses[401=733 429=16797]
  cron       ok=180 fail=0 err=0.0% p50=320ms p95=896ms p99=1243ms statuses[200=180]
  reads      ok=0 fail=8781 err=100.0% p50=59ms p95=266ms p99=657ms statuses[401=168 429=6532 503=2081]
  webhook    ok=0 fail=1760 err=100.0% p50=61ms p95=370ms p99=859ms statuses[429=287 503=1473]

[t+10621s] total=28410 rate=2.7/s
  events     ok=0 fail=17629 err=100.0% p50=58ms p95=249ms p99=677ms statuses[401=738 429=16891]
  cron       ok=180 fail=0 err=0.0% p50=320ms p95=896ms p99=1243ms statuses[200=180]
  reads      ok=0 fail=8831 err=100.0% p50=59ms p95=265ms p99=647ms statuses[401=168 429=6571 503=2092]
  webhook    ok=0 fail=1770 err=100.0% p50=60ms p95=370ms p99=859ms statuses[429=288 503=1482]

[t+10681s] total=28570 rate=2.7/s
  events     ok=0 fail=17729 err=100.0% p50=58ms p95=248ms p99=677ms statuses[401=742 429=16987]
  cron       ok=180 fail=0 err=0.0% p50=320ms p95=896ms p99=1243ms statuses[200=180]
  reads      ok=0 fail=8881 err=100.0% p50=59ms p95=265ms p99=657ms statuses[401=169 429=6610 503=2102]
  webhook    ok=0 fail=1780 err=100.0% p50=60ms p95=370ms p99=859ms statuses[429=290 503=1490]

[t+10741s] total=28728 rate=2.7/s
  events     ok=0 fail=17828 err=100.0% p50=58ms p95=247ms p99=668ms statuses[401=747 429=17081]
  cron       ok=180 fail=0 err=0.0% p50=320ms p95=896ms p99=1243ms statuses[200=180]
  reads      ok=0 fail=8930 err=100.0% p50=58ms p95=265ms p99=647ms statuses[401=170 429=6645 503=2115]
  webhook    ok=0 fail=1790 err=100.0% p50=60ms p95=368ms p99=859ms statuses[429=292 503=1498]

[t+10801s] total=28888 rate=2.7/s
  events     ok=0 fail=17928 err=100.0% p50=58ms p95=246ms p99=663ms statuses[401=754 429=17174]
  cron       ok=180 fail=0 err=0.0% p50=320ms p95=896ms p99=1243ms statuses[200=180]
  reads      ok=0 fail=8980 err=100.0% p50=58ms p95=264ms p99=647ms statuses[401=171 429=6678 503=2131]
  webhook    ok=0 fail=1800 err=100.0% p50=60ms p95=368ms p99=859ms statuses[429=293 503=1507]

[t+10861s] total=29051 rate=2.7/s
  events     ok=0 fail=18027 err=100.0% p50=58ms p95=245ms p99=660ms statuses[401=757 429=17270]
  cron       ok=185 fail=0 err=0.0% p50=322ms p95=881ms p99=1243ms statuses[200=185]
  reads      ok=0 fail=9029 err=100.0% p50=58ms p95=264ms p99=645ms statuses[401=172 429=6706 503=2151]
  webhook    ok=0 fail=1810 err=100.0% p50=60ms p95=370ms p99=748ms statuses[429=294 503=1516]

[t+10921s] total=29212 rate=2.7/s
  events     ok=0 fail=18127 err=100.0% p50=58ms p95=244ms p99=658ms statuses[401=760 429=17367]
  cron       ok=185 fail=0 err=0.0% p50=322ms p95=881ms p99=1243ms statuses[200=185]
  reads      ok=0 fail=9080 err=100.0% p50=58ms p95=264ms p99=645ms statuses[401=172 429=6747 503=2161]
  webhook    ok=0 fail=1820 err=100.0% p50=60ms p95=370ms p99=748ms statuses[429=296 503=1524]

[t+10981s] total=29371 rate=2.7/s
  events     ok=0 fail=18226 err=100.0% p50=58ms p95=244ms p99=658ms statuses[401=763 429=17463]
  cron       ok=185 fail=0 err=0.0% p50=322ms p95=881ms p99=1243ms statuses[200=185]
  reads      ok=0 fail=9130 err=100.0% p50=58ms p95=263ms p99=644ms statuses[401=173 429=6786 503=2171]
  webhook    ok=0 fail=1830 err=100.0% p50=60ms p95=370ms p99=748ms statuses[429=298 503=1532]

[t+11041s] total=29530 rate=2.7/s
  events     ok=0 fail=18326 err=100.0% p50=58ms p95=243ms p99=653ms statuses[401=766 429=17560]
  cron       ok=185 fail=0 err=0.0% p50=322ms p95=881ms p99=1243ms statuses[200=185]
  reads      ok=0 fail=9179 err=100.0% p50=58ms p95=263ms p99=644ms statuses[401=174 429=6824 503=2181]
  webhook    ok=0 fail=1840 err=100.0% p50=60ms p95=370ms p99=748ms statuses[429=300 503=1540]

[t+11101s] total=29689 rate=2.7/s
  events     ok=0 fail=18425 err=100.0% p50=58ms p95=243ms p99=652ms statuses[401=769 429=17656]
  cron       ok=185 fail=0 err=0.0% p50=322ms p95=881ms p99=1243ms statuses[200=185]
  reads      ok=0 fail=9229 err=100.0% p50=58ms p95=263ms p99=642ms statuses[401=174 429=6864 503=2191]
  webhook    ok=0 fail=1850 err=100.0% p50=60ms p95=370ms p99=748ms statuses[429=302 503=1548]

[t+11161s] total=29854 rate=2.7/s
  events     ok=0 fail=18525 err=100.0% p50=58ms p95=242ms p99=650ms statuses[401=772 429=17753]
  cron       ok=190 fail=0 err=0.0% p50=318ms p95=881ms p99=1243ms statuses[200=190]
  reads      ok=0 fail=9279 err=100.0% p50=58ms p95=263ms p99=642ms statuses[401=175 429=6903 503=2201]
  webhook    ok=0 fail=1860 err=100.0% p50=60ms p95=370ms p99=748ms statuses[429=304 503=1556]

[t+11221s] total=30013 rate=2.7/s
  events     ok=0 fail=18624 err=100.0% p50=58ms p95=243ms p99=647ms statuses[401=775 429=17849]
  cron       ok=190 fail=0 err=0.0% p50=318ms p95=881ms p99=1243ms statuses[200=190]
  reads      ok=0 fail=9329 err=100.0% p50=58ms p95=263ms p99=642ms statuses[401=176 429=6941 503=2212]
  webhook    ok=0 fail=1870 err=100.0% p50=60ms p95=370ms p99=748ms statuses[429=306 503=1564]

[t+11281s] total=30173 rate=2.7/s
  events     ok=0 fail=18724 err=100.0% p50=58ms p95=243ms p99=647ms statuses[401=779 429=17945]
  cron       ok=190 fail=0 err=0.0% p50=318ms p95=881ms p99=1243ms statuses[200=190]
  reads      ok=0 fail=9379 err=100.0% p50=58ms p95=263ms p99=642ms statuses[401=176 429=6980 503=2223]
  webhook    ok=0 fail=1880 err=100.0% p50=60ms p95=370ms p99=748ms statuses[429=308 503=1572]

[t+11341s] total=30332 rate=2.7/s
  events     ok=0 fail=18823 err=100.0% p50=58ms p95=242ms p99=646ms statuses[401=782 429=18041]
  cron       ok=190 fail=0 err=0.0% p50=318ms p95=881ms p99=1243ms statuses[200=190]
  reads      ok=0 fail=9429 err=100.0% p50=58ms p95=263ms p99=641ms statuses[401=177 429=7018 503=2234]
  webhook    ok=0 fail=1890 err=100.0% p50=60ms p95=368ms p99=748ms statuses[429=310 503=1580]

[t+11401s] total=30492 rate=2.7/s
  events     ok=0 fail=18923 err=100.0% p50=58ms p95=241ms p99=645ms statuses[401=785 429=18138]
  cron       ok=190 fail=0 err=0.0% p50=318ms p95=881ms p99=1243ms statuses[200=190]
  reads      ok=0 fail=9479 err=100.0% p50=58ms p95=263ms p99=641ms statuses[401=178 429=7056 503=2245]
  webhook    ok=0 fail=1900 err=100.0% p50=60ms p95=368ms p99=748ms statuses[429=312 503=1588]

[t+11461s] total=30657 rate=2.7/s
  events     ok=0 fail=19023 err=100.0% p50=58ms p95=240ms p99=645ms statuses[401=789 429=18234]
  cron       ok=195 fail=0 err=0.0% p50=318ms p95=881ms p99=1243ms statuses[200=195]
  reads      ok=0 fail=9529 err=100.0% p50=58ms p95=262ms p99=638ms statuses[401=178 429=7096 503=2255]
  webhook    ok=0 fail=1910 err=100.0% p50=60ms p95=365ms p99=736ms statuses[429=314 503=1596]

[t+11521s] total=30817 rate=2.7/s
  events     ok=0 fail=19123 err=100.0% p50=58ms p95=240ms p99=643ms statuses[401=796 429=18327]
  cron       ok=195 fail=0 err=0.0% p50=318ms p95=881ms p99=1243ms statuses[200=195]
  reads      ok=0 fail=9579 err=100.0% p50=58ms p95=261ms p99=638ms statuses[401=179 429=7134 503=2266]
  webhook    ok=0 fail=1920 err=100.0% p50=60ms p95=365ms p99=736ms statuses[429=315 503=1605]

[t+11581s] total=30976 rate=2.7/s
  events     ok=0 fail=19222 err=100.0% p50=58ms p95=239ms p99=641ms statuses[401=799 429=18423]
  cron       ok=195 fail=0 err=0.0% p50=318ms p95=881ms p99=1243ms statuses[200=195]
  reads      ok=0 fail=9629 err=100.0% p50=58ms p95=260ms p99=637ms statuses[401=180 429=7173 503=2276]
  webhook    ok=0 fail=1930 err=100.0% p50=59ms p95=365ms p99=736ms statuses[429=316 503=1614]

[t+11641s] total=31136 rate=2.7/s
  events     ok=0 fail=19322 err=100.0% p50=58ms p95=239ms p99=637ms statuses[401=802 429=18520]
  cron       ok=195 fail=0 err=0.0% p50=318ms p95=881ms p99=1243ms statuses[200=195]
  reads      ok=0 fail=9679 err=100.0% p50=58ms p95=260ms p99=638ms statuses[401=181 429=7212 503=2286]
  webhook    ok=0 fail=1940 err=100.0% p50=60ms p95=368ms p99=736ms statuses[429=316 503=1624]

[t+11701s] total=31294 rate=2.7/s
  events     ok=0 fail=19421 err=100.0% p50=58ms p95=238ms p99=637ms statuses[401=808 429=18613]
  cron       ok=195 fail=0 err=0.0% p50=318ms p95=881ms p99=1243ms statuses[200=195]
  reads      ok=0 fail=9728 err=100.0% p50=58ms p95=259ms p99=637ms statuses[401=182 429=7249 503=2297]
  webhook    ok=0 fail=1950 err=100.0% p50=59ms p95=365ms p99=736ms statuses[429=317 503=1633]

[t+11761s] total=31459 rate=2.7/s
  events     ok=0 fail=19521 err=100.0% p50=57ms p95=238ms p99=637ms statuses[401=815 429=18706]
  cron       ok=200 fail=0 err=0.0% p50=318ms p95=881ms p99=1243ms statuses[200=200]
  reads      ok=0 fail=9778 err=100.0% p50=58ms p95=259ms p99=637ms statuses[401=183 429=7274 503=2321]
  webhook    ok=0 fail=1960 err=100.0% p50=59ms p95=365ms p99=736ms statuses[429=319 503=1641]

[t+11821s] total=31619 rate=2.7/s
  events     ok=0 fail=19621 err=100.0% p50=57ms p95=237ms p99=636ms statuses[401=818 429=18803]
  cron       ok=200 fail=0 err=0.0% p50=318ms p95=881ms p99=1243ms statuses[200=200]
  reads      ok=0 fail=9828 err=100.0% p50=58ms p95=258ms p99=636ms statuses[401=183 429=7309 503=2336]
  webhook    ok=0 fail=1970 err=100.0% p50=59ms p95=365ms p99=736ms statuses[429=321 503=1649]

[t+11881s] total=31777 rate=2.7/s
  events     ok=0 fail=19720 err=100.0% p50=57ms p95=237ms p99=635ms statuses[401=822 429=18898]
  cron       ok=200 fail=0 err=0.0% p50=318ms p95=881ms p99=1243ms statuses[200=200]
  reads      ok=0 fail=9878 err=100.0% p50=58ms p95=258ms p99=636ms statuses[401=184 429=7348 503=2346]
  webhook    ok=0 fail=1979 err=100.0% p50=59ms p95=365ms p99=736ms statuses[429=323 503=1656]

[t+11941s] total=31937 rate=2.7/s
  events     ok=0 fail=19820 err=100.0% p50=57ms p95=236ms p99=633ms statuses[401=825 429=18995]
  cron       ok=200 fail=0 err=0.0% p50=318ms p95=881ms p99=1243ms statuses[200=200]
  reads      ok=0 fail=9928 err=100.0% p50=58ms p95=257ms p99=633ms statuses[401=185 429=7387 503=2356]
  webhook    ok=0 fail=1989 err=100.0% p50=59ms p95=364ms p99=736ms statuses[429=325 503=1664]

[t+12001s] total=32097 rate=2.7/s
  events     ok=0 fail=19920 err=100.0% p50=57ms p95=236ms p99=629ms statuses[401=828 429=19092]
  cron       ok=200 fail=0 err=0.0% p50=318ms p95=881ms p99=1243ms statuses[200=200]
  reads      ok=0 fail=9978 err=100.0% p50=58ms p95=257ms p99=633ms statuses[401=185 429=7426 503=2367]
  webhook    ok=0 fail=1999 err=100.0% p50=59ms p95=364ms p99=736ms statuses[429=327 503=1672]

[t+12061s] total=32261 rate=2.7/s
  events     ok=0 fail=20019 err=100.0% p50=57ms p95=236ms p99=635ms statuses[401=830 429=19189]
  cron       ok=205 fail=0 err=0.0% p50=314ms p95=823ms p99=967ms statuses[200=205]
  reads      ok=0 fail=10028 err=100.0% p50=58ms p95=256ms p99=633ms statuses[401=187 429=7444 503=2397]
  webhook    ok=0 fail=2009 err=100.0% p50=59ms p95=361ms p99=681ms statuses[429=329 503=1680]

[t+12121s] total=32421 rate=2.7/s
  events     ok=0 fail=20119 err=100.0% p50=57ms p95=235ms p99=633ms statuses[401=838 429=19281]
  cron       ok=205 fail=0 err=0.0% p50=314ms p95=823ms p99=967ms statuses[200=205]
  reads      ok=0 fail=10078 err=100.0% p50=58ms p95=256ms p99=633ms statuses[401=188 429=7479 503=2411]
  webhook    ok=0 fail=2019 err=100.0% p50=59ms p95=361ms p99=681ms statuses[429=330 503=1689]

[t+12181s] total=32580 rate=2.7/s
  events     ok=0 fail=20218 err=100.0% p50=57ms p95=235ms p99=629ms statuses[401=841 429=19377]
  cron       ok=205 fail=0 err=0.0% p50=314ms p95=823ms p99=967ms statuses[200=205]
  reads      ok=0 fail=10128 err=100.0% p50=58ms p95=256ms p99=627ms statuses[401=188 429=7518 503=2422]
  webhook    ok=0 fail=2029 err=100.0% p50=59ms p95=359ms p99=681ms statuses[429=332 503=1697]

[t+12241s] total=32740 rate=2.7/s
  events     ok=0 fail=20318 err=100.0% p50=57ms p95=234ms p99=628ms statuses[401=847 429=19471]
  cron       ok=205 fail=0 err=0.0% p50=314ms p95=823ms p99=967ms statuses[200=205]
  reads      ok=0 fail=10178 err=100.0% p50=58ms p95=256ms p99=627ms statuses[401=189 429=7557 503=2432]
  webhook    ok=0 fail=2039 err=100.0% p50=59ms p95=359ms p99=681ms statuses[429=334 503=1705]

[t+12301s] total=32899 rate=2.7/s
  events     ok=0 fail=20418 err=100.0% p50=57ms p95=234ms p99=626ms statuses[401=850 429=19568]
  cron       ok=205 fail=0 err=0.0% p50=314ms p95=823ms p99=967ms statuses[200=205]
  reads      ok=0 fail=10227 err=100.0% p50=58ms p95=255ms p99=620ms statuses[401=190 429=7595 503=2442]
  webhook    ok=0 fail=2049 err=100.0% p50=59ms p95=359ms p99=681ms statuses[429=336 503=1713]

[t+12361s] total=33063 rate=2.7/s
  events     ok=0 fail=20517 err=100.0% p50=57ms p95=233ms p99=624ms statuses[401=853 429=19664]
  cron       ok=210 fail=0 err=0.0% p50=313ms p95=823ms p99=967ms statuses[200=210]
  reads      ok=0 fail=10277 err=100.0% p50=58ms p95=255ms p99=620ms statuses[401=190 429=7635 503=2452]
  webhook    ok=0 fail=2059 err=100.0% p50=59ms p95=361ms p99=681ms statuses[429=338 503=1721]

[t+12421s] total=33223 rate=2.7/s
  events     ok=0 fail=20617 err=100.0% p50=57ms p95=233ms p99=623ms statuses[401=857 429=19760]
  cron       ok=210 fail=0 err=0.0% p50=313ms p95=823ms p99=967ms statuses[200=210]
  reads      ok=0 fail=10327 err=100.0% p50=58ms p95=255ms p99=618ms statuses[401=191 429=7673 503=2463]
  webhook    ok=0 fail=2069 err=100.0% p50=59ms p95=359ms p99=681ms statuses[429=340 503=1729]

[t+12481s] total=33383 rate=2.7/s
  events     ok=0 fail=20717 err=100.0% p50=57ms p95=233ms p99=623ms statuses[401=860 429=19857]
  cron       ok=210 fail=0 err=0.0% p50=313ms p95=823ms p99=967ms statuses[200=210]
  reads      ok=0 fail=10377 err=100.0% p50=57ms p95=255ms p99=618ms statuses[401=192 429=7711 503=2474]
  webhook    ok=0 fail=2079 err=100.0% p50=59ms p95=359ms p99=681ms statuses[429=342 503=1737]

[t+12541s] total=33542 rate=2.7/s
  events     ok=0 fail=20816 err=100.0% p50=57ms p95=233ms p99=622ms statuses[401=863 429=19953]
  cron       ok=210 fail=0 err=0.0% p50=313ms p95=823ms p99=967ms statuses[200=210]
  reads      ok=0 fail=10427 err=100.0% p50=57ms p95=254ms p99=615ms statuses[401=192 429=7751 503=2484]
  webhook    ok=0 fail=2089 err=100.0% p50=59ms p95=358ms p99=681ms statuses[429=344 503=1745]

[t+12601s] total=33702 rate=2.7/s
  events     ok=0 fail=20916 err=100.0% p50=57ms p95=233ms p99=622ms statuses[401=867 429=20049]
  cron       ok=210 fail=0 err=0.0% p50=313ms p95=823ms p99=967ms statuses[200=210]
  reads      ok=0 fail=10477 err=100.0% p50=57ms p95=254ms p99=615ms statuses[401=194 429=7789 503=2494]
  webhook    ok=0 fail=2099 err=100.0% p50=59ms p95=358ms p99=681ms statuses[429=346 503=1753]

[t+12661s] total=33865 rate=2.7/s
  events     ok=0 fail=21015 err=100.0% p50=57ms p95=232ms p99=621ms statuses[401=870 429=20145]
  cron       ok=215 fail=0 err=0.0% p50=313ms p95=823ms p99=967ms statuses[200=215]
  reads      ok=0 fail=10526 err=100.0% p50=57ms p95=254ms p99=615ms statuses[401=195 429=7827 503=2504]
  webhook    ok=0 fail=2109 err=100.0% p50=59ms p95=352ms p99=665ms statuses[429=348 503=1761]

[t+12721s] total=34024 rate=2.7/s
  events     ok=0 fail=21114 err=100.0% p50=57ms p95=232ms p99=620ms statuses[401=874 429=20240]
  cron       ok=215 fail=0 err=0.0% p50=313ms p95=823ms p99=967ms statuses[200=215]
  reads      ok=0 fail=10576 err=100.0% p50=57ms p95=253ms p99=615ms statuses[401=195 429=7867 503=2514]
  webhook    ok=0 fail=2119 err=100.0% p50=59ms p95=352ms p99=665ms statuses[429=350 503=1769]

[t+12781s] total=34184 rate=2.7/s
  events     ok=0 fail=21214 err=100.0% p50=57ms p95=231ms p99=618ms statuses[401=879 429=20335]
  cron       ok=215 fail=0 err=0.0% p50=313ms p95=823ms p99=967ms statuses[200=215]
  reads      ok=0 fail=10626 err=100.0% p50=57ms p95=252ms p99=613ms statuses[401=196 429=7906 503=2524]
  webhook    ok=0 fail=2129 err=100.0% p50=59ms p95=349ms p99=665ms statuses[429=352 503=1777]

[t+12841s] total=34344 rate=2.7/s
  events     ok=0 fail=21314 err=100.0% p50=57ms p95=231ms p99=615ms statuses[401=882 429=20432]
  cron       ok=215 fail=0 err=0.0% p50=313ms p95=823ms p99=967ms statuses[200=215]
  reads      ok=0 fail=10676 err=100.0% p50=57ms p95=252ms p99=613ms statuses[401=198 429=7944 503=2534]
  webhook    ok=0 fail=2139 err=100.0% p50=59ms p95=349ms p99=665ms statuses[429=354 503=1785]

[t+12901s] total=34503 rate=2.7/s
  events     ok=0 fail=21413 err=100.0% p50=57ms p95=231ms p99=608ms statuses[401=885 429=20528]
  cron       ok=215 fail=0 err=0.0% p50=313ms p95=823ms p99=967ms statuses[200=215]
  reads      ok=0 fail=10726 err=100.0% p50=57ms p95=250ms p99=612ms statuses[401=198 429=7984 503=2544]
  webhook    ok=0 fail=2149 err=100.0% p50=58ms p95=346ms p99=665ms statuses[429=356 503=1793]

[t+12961s] total=34668 rate=2.7/s
  events     ok=0 fail=21513 err=100.0% p50=57ms p95=231ms p99=604ms statuses[401=890 429=20623]
  cron       ok=220 fail=0 err=0.0% p50=313ms p95=823ms p99=967ms statuses[200=220]
  reads      ok=0 fail=10776 err=100.0% p50=57ms p95=249ms p99=612ms statuses[401=200 429=8013 503=2563]
  webhook    ok=0 fail=2159 err=100.0% p50=58ms p95=346ms p99=665ms statuses[429=358 503=1801]

[t+13021s] total=34826 rate=2.7/s
  events     ok=0 fail=21612 err=100.0% p50=57ms p95=231ms p99=602ms statuses[401=896 429=20716]
  cron       ok=220 fail=0 err=0.0% p50=313ms p95=823ms p99=967ms statuses[200=220]
  reads      ok=0 fail=10825 err=100.0% p50=57ms p95=249ms p99=601ms statuses[401=201 429=8048 503=2576]
  webhook    ok=0 fail=2169 err=100.0% p50=58ms p95=343ms p99=665ms statuses[429=358 503=1811]

[t+13081s] total=34987 rate=2.7/s
  events     ok=0 fail=21712 err=100.0% p50=57ms p95=230ms p99=600ms statuses[401=899 429=20813]
  cron       ok=220 fail=0 err=0.0% p50=313ms p95=823ms p99=967ms statuses[200=220]
  reads      ok=0 fail=10876 err=100.0% p50=57ms p95=249ms p99=601ms statuses[401=201 429=8088 503=2587]
  webhook    ok=0 fail=2179 err=100.0% p50=58ms p95=343ms p99=665ms statuses[429=360 503=1819]

[t+13141s] total=35146 rate=2.7/s
  events     ok=0 fail=21812 err=100.0% p50=57ms p95=230ms p99=600ms statuses[401=902 429=20910]
  cron       ok=220 fail=0 err=0.0% p50=313ms p95=823ms p99=967ms statuses[200=220]
  reads      ok=0 fail=10925 err=100.0% p50=57ms p95=248ms p99=591ms statuses[401=202 429=8126 503=2597]
  webhook    ok=0 fail=2189 err=100.0% p50=58ms p95=333ms p99=665ms statuses[429=362 503=1827]

[t+13201s] total=35305 rate=2.7/s
  events     ok=0 fail=21911 err=100.0% p50=57ms p95=230ms p99=599ms statuses[401=906 429=21005]
  cron       ok=220 fail=0 err=0.0% p50=313ms p95=823ms p99=967ms statuses[200=220]
  reads      ok=0 fail=10975 err=100.0% p50=57ms p95=248ms p99=591ms statuses[401=203 429=8166 503=2606]
  webhook    ok=0 fail=2199 err=100.0% p50=58ms p95=333ms p99=665ms statuses[429=364 503=1835]

[t+13261s] total=35470 rate=2.7/s
  events     ok=0 fail=22011 err=100.0% p50=57ms p95=229ms p99=593ms statuses[401=910 429=21101]
  cron       ok=225 fail=0 err=0.0% p50=312ms p95=772ms p99=967ms statuses[200=225]
  reads      ok=0 fail=11025 err=100.0% p50=57ms p95=248ms p99=589ms statuses[401=203 429=8205 503=2617]
  webhook    ok=0 fail=2209 err=100.0% p50=58ms p95=329ms p99=660ms statuses[429=366 503=1843]

[t+13321s] total=35630 rate=2.7/s
  events     ok=0 fail=22111 err=100.0% p50=57ms p95=229ms p99=590ms statuses[401=913 429=21198]
  cron       ok=225 fail=0 err=0.0% p50=312ms p95=772ms p99=967ms statuses[200=225]
  reads      ok=0 fail=11075 err=100.0% p50=57ms p95=248ms p99=589ms statuses[401=203 429=8245 503=2627]
  webhook    ok=0 fail=2219 err=100.0% p50=58ms p95=329ms p99=660ms statuses[429=368 503=1851]

[t+13381s] total=35789 rate=2.7/s
  events     ok=0 fail=22210 err=100.0% p50=57ms p95=229ms p99=583ms statuses[401=916 429=21294]
  cron       ok=225 fail=0 err=0.0% p50=312ms p95=772ms p99=967ms statuses[200=225]
  reads      ok=0 fail=11125 err=100.0% p50=57ms p95=246ms p99=585ms statuses[401=204 429=8285 503=2636]
  webhook    ok=0 fail=2229 err=100.0% p50=58ms p95=343ms p99=660ms statuses[429=370 503=1859]

[t+13441s] total=35949 rate=2.7/s
  events     ok=0 fail=22310 err=100.0% p50=57ms p95=229ms p99=583ms statuses[401=919 429=21391]
  cron       ok=225 fail=0 err=0.0% p50=312ms p95=772ms p99=967ms statuses[200=225]
  reads      ok=0 fail=11175 err=100.0% p50=57ms p95=246ms p99=585ms statuses[401=205 429=8323 503=2647]
  webhook    ok=0 fail=2239 err=100.0% p50=58ms p95=349ms p99=660ms statuses[429=372 503=1867]

[t+13501s] total=36108 rate=2.7/s
  events     ok=0 fail=22409 err=100.0% p50=57ms p95=229ms p99=575ms statuses[401=922 429=21487]
  cron       ok=225 fail=0 err=0.0% p50=312ms p95=772ms p99=967ms statuses[200=225]
  reads      ok=0 fail=11225 err=100.0% p50=57ms p95=246ms p99=582ms statuses[401=205 429=8363 503=2657]
  webhook    ok=0 fail=2249 err=100.0% p50=58ms p95=352ms p99=660ms statuses[429=374 503=1875]

[t+13561s] total=36273 rate=2.7/s
  events     ok=0 fail=22509 err=100.0% p50=57ms p95=228ms p99=574ms statuses[401=925 429=21584]
  cron       ok=230 fail=0 err=0.0% p50=310ms p95=772ms p99=967ms statuses[200=230]
  reads      ok=0 fail=11275 err=100.0% p50=57ms p95=246ms p99=582ms statuses[401=206 429=8403 503=2666]
  webhook    ok=0 fail=2259 err=100.0% p50=58ms p95=356ms p99=660ms statuses[429=376 503=1883]

[t+13621s] total=36433 rate=2.7/s
  events     ok=0 fail=22609 err=100.0% p50=57ms p95=228ms p99=570ms statuses[401=928 429=21681]
  cron       ok=230 fail=0 err=0.0% p50=310ms p95=772ms p99=967ms statuses[200=230]
  reads      ok=0 fail=11325 err=100.0% p50=57ms p95=246ms p99=580ms statuses[401=207 429=8441 503=2677]
  webhook    ok=0 fail=2269 err=100.0% p50=58ms p95=352ms p99=660ms statuses[429=378 503=1891]

[t+13681s] total=36592 rate=2.7/s
  events     ok=0 fail=22708 err=100.0% p50=57ms p95=228ms p99=568ms statuses[401=931 429=21777]
  cron       ok=230 fail=0 err=0.0% p50=310ms p95=772ms p99=967ms statuses[200=230]
  reads      ok=0 fail=11375 err=100.0% p50=57ms p95=245ms p99=580ms statuses[401=207 429=8481 503=2687]
  webhook    ok=0 fail=2279 err=100.0% p50=58ms p95=352ms p99=660ms statuses[429=380 503=1899]

[t+13741s] total=36751 rate=2.7/s
  events     ok=0 fail=22808 err=100.0% p50=57ms p95=228ms p99=567ms statuses[401=934 429=21874]
  cron       ok=230 fail=0 err=0.0% p50=310ms p95=772ms p99=967ms statuses[200=230]
  reads      ok=0 fail=11424 err=100.0% p50=57ms p95=244ms p99=580ms statuses[401=208 429=8520 503=2696]
  webhook    ok=0 fail=2289 err=100.0% p50=58ms p95=349ms p99=660ms statuses[429=381 503=1908]

[t+13801s] total=36911 rate=2.7/s
  events     ok=0 fail=22908 err=100.0% p50=57ms p95=227ms p99=567ms statuses[401=937 429=21971]
  cron       ok=230 fail=0 err=0.0% p50=310ms p95=772ms p99=967ms statuses[200=230]
  reads      ok=0 fail=11474 err=100.0% p50=57ms p95=244ms p99=580ms statuses[401=209 429=8559 503=2706]
  webhook    ok=0 fail=2299 err=100.0% p50=58ms p95=349ms p99=660ms statuses[429=382 503=1917]

[t+13861s] total=37075 rate=2.7/s
  events     ok=0 fail=23007 err=100.0% p50=57ms p95=227ms p99=566ms statuses[401=940 429=22067]
  cron       ok=235 fail=0 err=0.0% p50=308ms p95=772ms p99=967ms statuses[200=235]
  reads      ok=0 fail=11524 err=100.0% p50=57ms p95=244ms p99=579ms statuses[401=209 429=8599 503=2716]
  webhook    ok=0 fail=2309 err=100.0% p50=58ms p95=352ms p99=660ms statuses[429=383 503=1926]

[t+13921s] total=37235 rate=2.7/s
  events     ok=0 fail=23107 err=100.0% p50=57ms p95=226ms p99=566ms statuses[401=946 429=22161]
  cron       ok=235 fail=0 err=0.0% p50=308ms p95=772ms p99=967ms statuses[200=235]
  reads      ok=0 fail=11574 err=100.0% p50=57ms p95=244ms p99=579ms statuses[401=209 429=8635 503=2730]
  webhook    ok=0 fail=2319 err=100.0% p50=58ms p95=352ms p99=660ms statuses[429=384 503=1935]

[t+13981s] total=37394 rate=2.7/s
  events     ok=0 fail=23206 err=100.0% p50=57ms p95=226ms p99=565ms statuses[401=953 429=22253]
  cron       ok=235 fail=0 err=0.0% p50=308ms p95=772ms p99=967ms statuses[200=235]
  reads      ok=0 fail=11624 err=100.0% p50=57ms p95=243ms p99=579ms statuses[401=210 429=8668 503=2746]
  webhook    ok=0 fail=2329 err=100.0% p50=58ms p95=349ms p99=660ms statuses[429=385 503=1944]

[t+14041s] total=37554 rate=2.7/s
  events     ok=0 fail=23306 err=100.0% p50=57ms p95=226ms p99=561ms statuses[401=956 429=22350]
  cron       ok=235 fail=0 err=0.0% p50=308ms p95=772ms p99=967ms statuses[200=235]
  reads      ok=0 fail=11674 err=100.0% p50=57ms p95=242ms p99=579ms statuses[401=210 429=8708 503=2756]
  webhook    ok=0 fail=2339 err=100.0% p50=58ms p95=352ms p99=660ms statuses[429=386 503=1953]

[t+14101s] total=37714 rate=2.7/s
  events     ok=0 fail=23406 err=100.0% p50=57ms p95=226ms p99=560ms statuses[401=960 429=22446]
  cron       ok=235 fail=0 err=0.0% p50=308ms p95=772ms p99=967ms statuses[200=235]
  reads      ok=0 fail=11724 err=100.0% p50=57ms p95=242ms p99=578ms statuses[401=211 429=8747 503=2766]
  webhook    ok=0 fail=2349 err=100.0% p50=58ms p95=352ms p99=660ms statuses[429=387 503=1962]

[t+14161s] total=37878 rate=2.7/s
  events     ok=0 fail=23505 err=100.0% p50=57ms p95=226ms p99=553ms statuses[401=963 429=22542]
  cron       ok=240 fail=0 err=0.0% p50=308ms p95=772ms p99=967ms statuses[200=240]
  reads      ok=0 fail=11774 err=100.0% p50=57ms p95=242ms p99=579ms statuses[401=212 429=8785 503=2777]
  webhook    ok=0 fail=2359 err=100.0% p50=58ms p95=358ms p99=665ms statuses[429=388 503=1971]

[t+14221s] total=38038 rate=2.7/s
  events     ok=0 fail=23605 err=100.0% p50=57ms p95=226ms p99=548ms statuses[401=966 429=22639]
  cron       ok=240 fail=0 err=0.0% p50=308ms p95=772ms p99=967ms statuses[200=240]
  reads      ok=0 fail=11824 err=100.0% p50=57ms p95=242ms p99=579ms statuses[401=214 429=8823 503=2787]
  webhook    ok=0 fail=2369 err=100.0% p50=58ms p95=356ms p99=665ms statuses[429=389 503=1980]

[t+14281s] total=38196 rate=2.7/s
  events     ok=0 fail=23704 err=100.0% p50=56ms p95=225ms p99=547ms statuses[401=969 429=22735]
  cron       ok=240 fail=0 err=0.0% p50=308ms p95=772ms p99=967ms statuses[200=240]
  reads      ok=0 fail=11873 err=100.0% p50=57ms p95=241ms p99=579ms statuses[401=215 429=8862 503=2796]
  webhook    ok=0 fail=2379 err=100.0% p50=58ms p95=356ms p99=665ms statuses[429=390 503=1989]

[t+14341s] total=38356 rate=2.7/s
  events     ok=0 fail=23804 err=100.0% p50=56ms p95=225ms p99=547ms statuses[401=972 429=22832]
  cron       ok=240 fail=0 err=0.0% p50=308ms p95=772ms p99=967ms statuses[200=240]
  reads      ok=0 fail=11923 err=100.0% p50=57ms p95=240ms p99=578ms statuses[401=216 429=8901 503=2806]
  webhook    ok=0 fail=2389 err=100.0% p50=58ms p95=352ms p99=665ms statuses[429=391 503=1998]

[t+14401s] total=38516 rate=2.7/s
  events     ok=0 fail=23904 err=100.0% p50=56ms p95=225ms p99=546ms statuses[401=975 429=22929]
  cron       ok=240 fail=0 err=0.0% p50=308ms p95=772ms p99=967ms statuses[200=240]
  reads      ok=0 fail=11973 err=100.0% p50=57ms p95=240ms p99=578ms statuses[401=216 429=8940 503=2817]
  webhook    ok=0 fail=2399 err=100.0% p50=58ms p95=352ms p99=665ms statuses[429=392 503=2007]

[t+14461s] total=38678 rate=2.7/s
  events     ok=0 fail=24002 err=100.0% p50=56ms p95=225ms p99=543ms statuses[401=979 429=23023]
  cron       ok=245 fail=0 err=0.0% p50=308ms p95=772ms p99=1210ms statuses[200=245]
  reads      ok=0 fail=12022 err=100.0% p50=57ms p95=240ms p99=573ms statuses[401=216 429=8974 503=2832]
  webhook    ok=0 fail=2409 err=100.0% p50=58ms p95=352ms p99=660ms statuses[429=393 503=2016]

[t+14521s] total=38838 rate=2.7/s
  events     ok=0 fail=24102 err=100.0% p50=56ms p95=224ms p99=543ms statuses[401=986 429=23116]
  cron       ok=245 fail=0 err=0.0% p50=308ms p95=772ms p99=1210ms statuses[200=245]
  reads      ok=0 fail=12072 err=100.0% p50=57ms p95=239ms p99=573ms statuses[401=217 429=9013 503=2842]
  webhook    ok=0 fail=2419 err=100.0% p50=58ms p95=352ms p99=660ms statuses[429=394 503=2025]

[t+14581s] total=38997 rate=2.7/s
  events     ok=0 fail=24201 err=100.0% p50=56ms p95=224ms p99=542ms statuses[401=989 429=23212]
  cron       ok=245 fail=0 err=0.0% p50=308ms p95=772ms p99=1210ms statuses[200=245]
  reads      ok=0 fail=12122 err=100.0% p50=57ms p95=239ms p99=573ms statuses[401=218 429=9052 503=2852]
  webhook    ok=0 fail=2429 err=100.0% p50=58ms p95=349ms p99=660ms statuses[429=395 503=2034]

[t+14641s] total=39157 rate=2.7/s
  events     ok=0 fail=24301 err=100.0% p50=56ms p95=224ms p99=542ms statuses[401=995 429=23306]
  cron       ok=245 fail=0 err=0.0% p50=308ms p95=772ms p99=1210ms statuses[200=245]
  reads      ok=0 fail=12172 err=100.0% p50=57ms p95=239ms p99=573ms statuses[401=219 429=9091 503=2862]
  webhook    ok=0 fail=2439 err=100.0% p50=58ms p95=349ms p99=660ms statuses[429=396 503=2043]

[t+14701s] total=39315 rate=2.7/s
  events     ok=0 fail=24400 err=100.0% p50=56ms p95=224ms p99=542ms statuses[401=999 429=23401]
  cron       ok=245 fail=0 err=0.0% p50=308ms p95=772ms p99=1210ms statuses[200=245]
  reads      ok=0 fail=12221 err=100.0% p50=56ms p95=238ms p99=572ms statuses[401=221 429=9128 503=2872]
  webhook    ok=0 fail=2449 err=100.0% p50=58ms p95=349ms p99=660ms statuses[429=397 503=2052]

[t+14761s] total=39481 rate=2.7/s
  events     ok=0 fail=24500 err=100.0% p50=56ms p95=224ms p99=541ms statuses[401=1003 429=23497]
  cron       ok=250 fail=0 err=0.0% p50=312ms p95=772ms p99=1210ms statuses[200=250]
  reads      ok=0 fail=12272 err=100.0% p50=56ms p95=239ms p99=573ms statuses[401=225 429=9153 503=2894]
  webhook    ok=0 fail=2459 err=100.0% p50=58ms p95=354ms p99=660ms statuses[429=397 503=2062]

[t+14821s] total=39641 rate=2.7/s
  events     ok=0 fail=24600 err=100.0% p50=56ms p95=224ms p99=538ms statuses[401=1010 429=23590]
  cron       ok=250 fail=0 err=0.0% p50=312ms p95=772ms p99=1210ms statuses[200=250]
  reads      ok=0 fail=12322 err=100.0% p50=56ms p95=238ms p99=572ms statuses[401=226 429=9190 503=2906]
  webhook    ok=0 fail=2469 err=100.0% p50=58ms p95=352ms p99=660ms statuses[429=398 503=2071]

[t+14881s] total=39800 rate=2.7/s
  events     ok=0 fail=24699 err=100.0% p50=56ms p95=224ms p99=538ms statuses[401=1013 429=23686]
  cron       ok=250 fail=0 err=0.0% p50=312ms p95=772ms p99=1210ms statuses[200=250]
  reads      ok=0 fail=12372 err=100.0% p50=56ms p95=237ms p99=572ms statuses[401=227 429=9229 503=2916]
  webhook    ok=0 fail=2479 err=100.0% p50=58ms p95=352ms p99=660ms statuses[429=399 503=2080]

[t+14941s] total=39959 rate=2.7/s
  events     ok=0 fail=24799 err=100.0% p50=56ms p95=224ms p99=537ms statuses[401=1018 429=23781]
  cron       ok=250 fail=0 err=0.0% p50=312ms p95=772ms p99=1210ms statuses[200=250]
  reads      ok=0 fail=12421 err=100.0% p50=56ms p95=237ms p99=571ms statuses[401=228 429=9267 503=2926]
  webhook    ok=0 fail=2489 err=100.0% p50=58ms p95=352ms p99=660ms statuses[429=400 503=2089]

[t+15001s] total=40119 rate=2.7/s
  events     ok=0 fail=24899 err=100.0% p50=56ms p95=223ms p99=537ms statuses[401=1022 429=23877]
  cron       ok=250 fail=0 err=0.0% p50=312ms p95=772ms p99=1210ms statuses[200=250]
  reads      ok=0 fail=12471 err=100.0% p50=56ms p95=237ms p99=571ms statuses[401=228 429=9306 503=2937]
  webhook    ok=0 fail=2499 err=100.0% p50=58ms p95=352ms p99=660ms statuses[429=401 503=2098]

[t+15061s] total=40283 rate=2.7/s
  events     ok=0 fail=24998 err=100.0% p50=56ms p95=223ms p99=537ms statuses[401=1026 429=23972]
  cron       ok=255 fail=0 err=0.0% p50=310ms p95=772ms p99=1210ms statuses[200=255]
  reads      ok=0 fail=12521 err=100.0% p50=56ms p95=236ms p99=570ms statuses[401=231 429=9331 503=2959]
  webhook    ok=0 fail=2509 err=100.0% p50=57ms p95=349ms p99=637ms statuses[429=402 503=2107]

[t+15121s] total=40443 rate=2.7/s
  events     ok=0 fail=25098 err=100.0% p50=56ms p95=223ms p99=535ms statuses[401=1031 429=24067]
  cron       ok=255 fail=0 err=0.0% p50=310ms p95=772ms p99=1210ms statuses[200=255]
  reads      ok=0 fail=12571 err=100.0% p50=56ms p95=236ms p99=570ms statuses[401=232 429=9366 503=2973]
  webhook    ok=0 fail=2519 err=100.0% p50=58ms p95=349ms p99=637ms statuses[429=402 503=2117]

[t+15181s] total=40602 rate=2.7/s
  events     ok=0 fail=25197 err=100.0% p50=56ms p95=223ms p99=534ms statuses[401=1036 429=24161]
  cron       ok=255 fail=0 err=0.0% p50=310ms p95=772ms p99=1210ms statuses[200=255]
  reads      ok=0 fail=12621 err=100.0% p50=56ms p95=236ms p99=567ms statuses[401=233 429=9402 503=2986]
  webhook    ok=0 fail=2529 err=100.0% p50=57ms p95=352ms p99=637ms statuses[429=403 503=2126]

[t+15241s] total=40762 rate=2.7/s
  events     ok=0 fail=25297 err=100.0% p50=56ms p95=223ms p99=533ms statuses[401=1041 429=24256]
  cron       ok=255 fail=0 err=0.0% p50=310ms p95=772ms p99=1210ms statuses[200=255]
  reads      ok=0 fail=12671 err=100.0% p50=56ms p95=236ms p99=570ms statuses[401=234 429=9441 503=2996]
  webhook    ok=0 fail=2539 err=100.0% p50=57ms p95=352ms p99=637ms statuses[429=404 503=2135]

[t+15301s] total=40922 rate=2.7/s
  events     ok=0 fail=25397 err=100.0% p50=56ms p95=223ms p99=530ms statuses[401=1046 429=24351]
  cron       ok=255 fail=0 err=0.0% p50=310ms p95=772ms p99=1210ms statuses[200=255]
  reads      ok=0 fail=12721 err=100.0% p50=56ms p95=236ms p99=567ms statuses[401=235 429=9480 503=3006]
  webhook    ok=0 fail=2549 err=100.0% p50=57ms p95=352ms p99=637ms statuses[429=405 503=2144]

[t+15361s] total=41086 rate=2.7/s
  events     ok=0 fail=25496 err=100.0% p50=56ms p95=223ms p99=528ms statuses[401=1049 429=24447]
  cron       ok=260 fail=0 err=0.0% p50=310ms p95=772ms p99=1210ms statuses[200=260]
  reads      ok=0 fail=12771 err=100.0% p50=56ms p95=236ms p99=567ms statuses[401=236 429=9519 503=3016]
  webhook    ok=0 fail=2559 err=100.0% p50=57ms p95=352ms p99=637ms statuses[429=406 503=2153]

[t+15421s] total=41246 rate=2.7/s
  events     ok=0 fail=25596 err=100.0% p50=56ms p95=222ms p99=528ms statuses[401=1053 429=24543]
  cron       ok=260 fail=0 err=0.0% p50=310ms p95=772ms p99=1210ms statuses[200=260]
  reads      ok=0 fail=12821 err=100.0% p50=56ms p95=235ms p99=567ms statuses[401=238 429=9549 503=3034]
  webhook    ok=0 fail=2569 err=100.0% p50=57ms p95=349ms p99=637ms statuses[429=407 503=2162]

[t+15481s] total=41405 rate=2.7/s
  events     ok=0 fail=25695 err=100.0% p50=56ms p95=222ms p99=526ms statuses[401=1060 429=24635]
  cron       ok=260 fail=0 err=0.0% p50=310ms p95=772ms p99=1210ms statuses[200=260]
  reads      ok=0 fail=12871 err=100.0% p50=56ms p95=235ms p99=567ms statuses[401=239 429=9588 503=3044]
  webhook    ok=0 fail=2579 err=100.0% p50=57ms p95=354ms p99=637ms statuses[429=408 503=2171]

[t+15541s] total=41565 rate=2.7/s
  events     ok=0 fail=25795 err=100.0% p50=56ms p95=222ms p99=526ms statuses[401=1064 429=24731]
  cron       ok=260 fail=0 err=0.0% p50=310ms p95=772ms p99=1210ms statuses[200=260]
  reads      ok=0 fail=12921 err=100.0% p50=56ms p95=234ms p99=565ms statuses[401=240 429=9627 503=3054]
  webhook    ok=0 fail=2589 err=100.0% p50=57ms p95=352ms p99=637ms statuses[429=409 503=2180]

[t+15601s] total=41724 rate=2.7/s
  events     ok=0 fail=25895 err=100.0% p50=56ms p95=222ms p99=526ms statuses[401=1067 429=24828]
  cron       ok=260 fail=0 err=0.0% p50=310ms p95=772ms p99=1210ms statuses[200=260]
  reads      ok=0 fail=12970 err=100.0% p50=56ms p95=234ms p99=565ms statuses[401=240 429=9666 503=3064]
  webhook    ok=0 fail=2599 err=100.0% p50=57ms p95=352ms p99=637ms statuses[429=410 503=2189]

[t+15661s] total=41888 rate=2.7/s
  events     ok=0 fail=25994 err=100.0% p50=56ms p95=222ms p99=523ms statuses[401=1072 429=24922]
  cron       ok=265 fail=0 err=0.0% p50=307ms p95=748ms p99=1210ms statuses[200=265]
  reads      ok=0 fail=13020 err=100.0% p50=56ms p95=234ms p99=565ms statuses[401=242 429=9701 503=3077]
  webhook    ok=0 fail=2609 err=100.0% p50=57ms p95=354ms p99=636ms statuses[429=411 503=2198]

[t+15721s] total=42048 rate=2.7/s
  events     ok=0 fail=26094 err=100.0% p50=56ms p95=222ms p99=522ms statuses[401=1075 429=25019]
  cron       ok=265 fail=0 err=0.0% p50=307ms p95=748ms p99=1210ms statuses[200=265]
  reads      ok=0 fail=13070 err=100.0% p50=56ms p95=234ms p99=565ms statuses[401=243 429=9738 503=3089]
  webhook    ok=0 fail=2619 err=100.0% p50=57ms p95=354ms p99=636ms statuses[429=412 503=2207]

[t+15781s] total=42207 rate=2.7/s
  events     ok=0 fail=26193 err=100.0% p50=56ms p95=222ms p99=520ms statuses[401=1078 429=25115]
  cron       ok=265 fail=0 err=0.0% p50=307ms p95=748ms p99=1210ms statuses[200=265]
  reads      ok=0 fail=13120 err=100.0% p50=56ms p95=234ms p99=564ms statuses[401=243 429=9778 503=3099]
  webhook    ok=0 fail=2629 err=100.0% p50=57ms p95=354ms p99=636ms statuses[429=413 503=2216]

[t+15841s] total=42367 rate=2.7/s
  events     ok=0 fail=26293 err=100.0% p50=56ms p95=222ms p99=519ms statuses[401=1085 429=25208]
  cron       ok=265 fail=0 err=0.0% p50=307ms p95=748ms p99=1210ms statuses[200=265]
  reads      ok=0 fail=13170 err=100.0% p50=56ms p95=233ms p99=564ms statuses[401=244 429=9816 503=3110]
  webhook    ok=0 fail=2639 err=100.0% p50=57ms p95=354ms p99=636ms statuses[429=414 503=2225]

[t+15901s] total=42527 rate=2.7/s
  events     ok=0 fail=26393 err=100.0% p50=56ms p95=221ms p99=515ms statuses[401=1088 429=25305]
  cron       ok=265 fail=0 err=0.0% p50=307ms p95=748ms p99=1210ms statuses[200=265]
  reads      ok=0 fail=13220 err=100.0% p50=56ms p95=233ms p99=564ms statuses[401=247 429=9851 503=3122]
  webhook    ok=0 fail=2649 err=100.0% p50=57ms p95=352ms p99=636ms statuses[429=415 503=2234]

[t+15961s] total=42691 rate=2.7/s
  events     ok=0 fail=26492 err=100.0% p50=56ms p95=222ms p99=519ms statuses[401=1091 429=25401]
  cron       ok=270 fail=0 err=0.0% p50=307ms p95=748ms p99=1210ms statuses[200=270]
  reads      ok=0 fail=13270 err=100.0% p50=56ms p95=234ms p99=567ms statuses[401=249 429=9886 503=3135]
  webhook    ok=0 fail=2659 err=100.0% p50=57ms p95=356ms p99=637ms statuses[429=415 503=2244]

[t+16021s] total=42851 rate=2.7/s
  events     ok=0 fail=26592 err=100.0% p50=56ms p95=222ms p99=523ms statuses[401=1095 429=25497]
  cron       ok=270 fail=0 err=0.0% p50=307ms p95=748ms p99=1210ms statuses[200=270]
  reads      ok=0 fail=13320 err=100.0% p50=56ms p95=234ms p99=567ms statuses[401=249 429=9917 503=3154]
  webhook    ok=0 fail=2669 err=100.0% p50=57ms p95=354ms p99=637ms statuses[429=416 503=2253]

[t+16081s] total=43011 rate=2.7/s
  events     ok=0 fail=26692 err=100.0% p50=56ms p95=222ms p99=522ms statuses[401=1104 429=25588]
  cron       ok=270 fail=0 err=0.0% p50=307ms p95=748ms p99=1210ms statuses[200=270]
  reads      ok=0 fail=13370 err=100.0% p50=56ms p95=234ms p99=567ms statuses[401=249 429=9948 503=3173]
  webhook    ok=0 fail=2679 err=100.0% p50=57ms p95=354ms p99=637ms statuses[429=417 503=2262]

[t+16141s] total=43169 rate=2.7/s
  events     ok=0 fail=26791 err=100.0% p50=56ms p95=222ms p99=520ms statuses[401=1111 429=25680]
  cron       ok=270 fail=0 err=0.0% p50=307ms p95=748ms p99=1210ms statuses[200=270]
  reads      ok=0 fail=13419 err=100.0% p50=56ms p95=234ms p99=565ms statuses[401=249 429=9986 503=3184]
  webhook    ok=0 fail=2689 err=100.0% p50=57ms p95=356ms p99=639ms statuses[429=417 503=2272]

[t+16201s] total=43329 rate=2.7/s
  events     ok=0 fail=26891 err=100.0% p50=56ms p95=222ms p99=519ms statuses[401=1113 429=25778]
  cron       ok=270 fail=0 err=0.0% p50=307ms p95=748ms p99=1210ms statuses[200=270]
  reads      ok=0 fail=13469 err=100.0% p50=56ms p95=233ms p99=565ms statuses[401=250 429=10025 503=3194]
  webhook    ok=0 fail=2699 err=100.0% p50=57ms p95=356ms p99=639ms statuses[429=418 503=2281]

[t+16261s] total=43493 rate=2.7/s
  events     ok=0 fail=26990 err=100.0% p50=56ms p95=222ms p99=519ms statuses[401=1119 429=25871]
  cron       ok=275 fail=0 err=0.0% p50=307ms p95=767ms p99=1210ms statuses[200=275]
  reads      ok=0 fail=13519 err=100.0% p50=56ms p95=233ms p99=564ms statuses[401=251 429=10058 503=3210]
  webhook    ok=0 fail=2709 err=100.0% p50=57ms p95=354ms p99=637ms statuses[429=419 503=2290]

[t+16321s] total=43653 rate=2.7/s
  events     ok=0 fail=27090 err=100.0% p50=56ms p95=222ms p99=519ms statuses[401=1126 429=25964]
  cron       ok=275 fail=0 err=0.0% p50=307ms p95=767ms p99=1210ms statuses[200=275]
  reads      ok=0 fail=13569 err=100.0% p50=56ms p95=233ms p99=564ms statuses[401=252 429=10096 503=3221]
  webhook    ok=0 fail=2719 err=100.0% p50=57ms p95=354ms p99=637ms statuses[429=421 503=2298]

[t+16381s] total=43812 rate=2.7/s
  events     ok=0 fail=27189 err=100.0% p50=56ms p95=222ms p99=515ms statuses[401=1129 429=26060]
  cron       ok=275 fail=0 err=0.0% p50=307ms p95=767ms p99=1210ms statuses[200=275]
  reads      ok=0 fail=13619 err=100.0% p50=56ms p95=233ms p99=547ms statuses[401=252 429=10136 503=3231]
  webhook    ok=0 fail=2729 err=100.0% p50=57ms p95=354ms p99=637ms statuses[429=423 503=2306]

[t+16441s] total=43971 rate=2.7/s
  events     ok=0 fail=27289 err=100.0% p50=56ms p95=221ms p99=515ms statuses[401=1135 429=26154]
  cron       ok=275 fail=0 err=0.0% p50=307ms p95=767ms p99=1210ms statuses[200=275]
  reads      ok=0 fail=13668 err=100.0% p50=56ms p95=232ms p99=547ms statuses[401=253 429=10173 503=3242]
  webhook    ok=0 fail=2739 err=100.0% p50=57ms p95=356ms p99=637ms statuses[429=425 503=2314]

[t+16501s] total=44130 rate=2.7/s
  events     ok=0 fail=27388 err=100.0% p50=56ms p95=221ms p99=514ms statuses[401=1139 429=26249]
  cron       ok=275 fail=0 err=0.0% p50=307ms p95=767ms p99=1210ms statuses[200=275]
  reads      ok=0 fail=13718 err=100.0% p50=56ms p95=232ms p99=540ms statuses[401=254 429=10209 503=3255]
  webhook    ok=0 fail=2749 err=100.0% p50=57ms p95=354ms p99=637ms statuses[429=427 503=2322]

[t+16561s] total=44295 rate=2.7/s
  events     ok=0 fail=27488 err=100.0% p50=56ms p95=221ms p99=513ms statuses[401=1142 429=26346]
  cron       ok=280 fail=0 err=0.0% p50=307ms p95=767ms p99=1210ms statuses[200=280]
  reads      ok=0 fail=13768 err=100.0% p50=56ms p95=232ms p99=540ms statuses[401=256 429=10238 503=3274]
  webhook    ok=0 fail=2759 err=100.0% p50=57ms p95=354ms p99=637ms statuses[429=428 503=2331]

[t+16621s] total=44455 rate=2.7/s
  events     ok=0 fail=27588 err=100.0% p50=56ms p95=221ms p99=513ms statuses[401=1149 429=26439]
  cron       ok=280 fail=0 err=0.0% p50=307ms p95=767ms p99=1210ms statuses[200=280]
  reads      ok=0 fail=13818 err=100.0% p50=56ms p95=232ms p99=537ms statuses[401=257 429=10276 503=3285]
  webhook    ok=0 fail=2769 err=100.0% p50=57ms p95=352ms p99=637ms statuses[429=430 503=2339]

[t+16681s] total=44614 rate=2.7/s
  events     ok=0 fail=27687 err=100.0% p50=56ms p95=221ms p99=512ms statuses[401=1153 429=26534]
  cron       ok=280 fail=0 err=0.0% p50=307ms p95=767ms p99=1210ms statuses[200=280]
  reads      ok=0 fail=13868 err=100.0% p50=56ms p95=232ms p99=537ms statuses[401=258 429=10315 503=3295]
  webhook    ok=0 fail=2779 err=100.0% p50=57ms p95=352ms p99=637ms statuses[429=432 503=2347]

[t+16741s] total=44774 rate=2.7/s
  events     ok=0 fail=27787 err=100.0% p50=56ms p95=221ms p99=510ms statuses[401=1158 429=26629]
  cron       ok=280 fail=0 err=0.0% p50=307ms p95=767ms p99=1210ms statuses[200=280]
  reads      ok=0 fail=13918 err=100.0% p50=56ms p95=232ms p99=534ms statuses[401=259 429=10353 503=3306]
  webhook    ok=0 fail=2789 err=100.0% p50=57ms p95=354ms p99=639ms statuses[429=433 503=2356]

[t+16801s] total=44933 rate=2.7/s
  events     ok=0 fail=27886 err=100.0% p50=56ms p95=221ms p99=510ms statuses[401=1163 429=26723]
  cron       ok=280 fail=0 err=0.0% p50=307ms p95=767ms p99=1210ms statuses[200=280]
  reads      ok=0 fail=13968 err=100.0% p50=56ms p95=231ms p99=534ms statuses[401=260 429=10391 503=3317]
  webhook    ok=0 fail=2799 err=100.0% p50=57ms p95=354ms p99=639ms statuses[429=435 503=2364]

[t+16861s] total=45098 rate=2.7/s
  events     ok=0 fail=27986 err=100.0% p50=56ms p95=221ms p99=510ms statuses[401=1168 429=26818]
  cron       ok=285 fail=0 err=0.0% p50=301ms p95=748ms p99=1210ms statuses[200=285]
  reads      ok=0 fail=14018 err=100.0% p50=56ms p95=231ms p99=532ms statuses[401=264 429=10419 503=3335]
  webhook    ok=0 fail=2809 err=100.0% p50=57ms p95=352ms p99=637ms statuses[429=437 503=2372]

[t+16921s] total=45258 rate=2.7/s
  events     ok=0 fail=28086 err=100.0% p50=56ms p95=221ms p99=509ms statuses[401=1173 429=26913]
  cron       ok=285 fail=0 err=0.0% p50=301ms p95=748ms p99=1210ms statuses[200=285]
  reads      ok=0 fail=14068 err=100.0% p50=56ms p95=231ms p99=532ms statuses[401=265 429=10447 503=3356]
  webhook    ok=0 fail=2819 err=100.0% p50=57ms p95=352ms p99=637ms statuses[429=438 503=2381]

[t+16981s] total=45417 rate=2.7/s
  events     ok=0 fail=28185 err=100.0% p50=56ms p95=221ms p99=508ms statuses[401=1178 429=27007]
  cron       ok=285 fail=0 err=0.0% p50=301ms p95=748ms p99=1210ms statuses[200=285]
  reads      ok=0 fail=14118 err=100.0% p50=56ms p95=231ms p99=530ms statuses[401=267 429=10482 503=3369]
  webhook    ok=0 fail=2829 err=100.0% p50=57ms p95=349ms p99=637ms statuses[429=440 503=2389]

[t+17041s] total=45576 rate=2.7/s
  events     ok=0 fail=28285 err=100.0% p50=56ms p95=221ms p99=508ms statuses[401=1183 429=27102]
  cron       ok=285 fail=0 err=0.0% p50=301ms p95=748ms p99=1210ms statuses[200=285]
  reads      ok=0 fail=14167 err=100.0% p50=56ms p95=231ms p99=530ms statuses[401=268 429=10519 503=3380]
  webhook    ok=0 fail=2839 err=100.0% p50=57ms p95=349ms p99=637ms statuses[429=442 503=2397]

[t+17101s] total=45736 rate=2.7/s
  events     ok=0 fail=28385 err=100.0% p50=56ms p95=221ms p99=507ms statuses[401=1188 429=27197]
  cron       ok=285 fail=0 err=0.0% p50=301ms p95=748ms p99=1210ms statuses[200=285]
  reads      ok=0 fail=14217 err=100.0% p50=56ms p95=231ms p99=522ms statuses[401=268 429=10557 503=3392]
  webhook    ok=0 fail=2849 err=100.0% p50=57ms p95=349ms p99=637ms statuses[429=443 503=2406]

[t+17161s] total=45900 rate=2.7/s
  events     ok=0 fail=28484 err=100.0% p50=56ms p95=220ms p99=506ms statuses[401=1192 429=27292]
  cron       ok=290 fail=0 err=0.0% p50=299ms p95=748ms p99=1210ms statuses[200=290]
  reads      ok=0 fail=14267 err=100.0% p50=56ms p95=230ms p99=522ms statuses[401=269 429=10596 503=3402]
  webhook    ok=0 fail=2859 err=100.0% p50=57ms p95=349ms p99=637ms statuses[429=445 503=2414]

[t+17221s] total=46060 rate=2.7/s
  events     ok=0 fail=28584 err=100.0% p50=55ms p95=220ms p99=506ms statuses[401=1196 429=27388]
  cron       ok=290 fail=0 err=0.0% p50=299ms p95=748ms p99=1210ms statuses[200=290]
  reads      ok=0 fail=14317 err=100.0% p50=56ms p95=230ms p99=522ms statuses[401=271 429=10632 503=3414]
  webhook    ok=0 fail=2869 err=100.0% p50=57ms p95=346ms p99=637ms statuses[429=447 503=2422]

[t+17281s] total=46219 rate=2.7/s
  events     ok=0 fail=28683 err=100.0% p50=55ms p95=220ms p99=505ms statuses[401=1206 429=27477]
  cron       ok=290 fail=0 err=0.0% p50=299ms p95=748ms p99=1210ms statuses[200=290]
  reads      ok=0 fail=14367 err=100.0% p50=56ms p95=231ms p99=530ms statuses[401=271 429=10661 503=3435]
  webhook    ok=0 fail=2879 err=100.0% p50=57ms p95=346ms p99=637ms statuses[429=448 503=2431]

[t+17341s] total=46379 rate=2.7/s
  events     ok=0 fail=28783 err=100.0% p50=55ms p95=221ms p99=505ms statuses[401=1213 429=27570]
  cron       ok=290 fail=0 err=0.0% p50=299ms p95=748ms p99=1210ms statuses[200=290]
  reads      ok=0 fail=14417 err=100.0% p50=56ms p95=231ms p99=522ms statuses[401=271 429=10700 503=3446]
  webhook    ok=0 fail=2889 err=100.0% p50=57ms p95=343ms p99=637ms statuses[429=450 503=2439]

[t+17401s] total=46539 rate=2.7/s
  events     ok=0 fail=28883 err=100.0% p50=55ms p95=221ms p99=506ms statuses[401=1220 429=27663]
  cron       ok=290 fail=0 err=0.0% p50=299ms p95=748ms p99=1210ms statuses[200=290]
  reads      ok=0 fail=14467 err=100.0% p50=56ms p95=231ms p99=522ms statuses[401=273 429=10737 503=3457]
  webhook    ok=0 fail=2899 err=100.0% p50=57ms p95=343ms p99=637ms statuses[429=452 503=2447]

[t+17461s] total=46703 rate=2.7/s
  events     ok=0 fail=28982 err=100.0% p50=55ms p95=221ms p99=505ms statuses[401=1226 429=27756]
  cron       ok=295 fail=0 err=0.0% p50=293ms p95=748ms p99=1210ms statuses[200=295]
  reads      ok=0 fail=14517 err=100.0% p50=56ms p95=231ms p99=520ms statuses[401=275 429=10773 503=3469]
  webhook    ok=0 fail=2909 err=100.0% p50=57ms p95=343ms p99=636ms statuses[429=454 503=2455]

[t+17521s] total=46863 rate=2.7/s
  events     ok=0 fail=29082 err=100.0% p50=55ms p95=221ms p99=505ms statuses[401=1230 429=27852]
  cron       ok=295 fail=0 err=0.0% p50=293ms p95=748ms p99=1210ms statuses[200=295]
  reads      ok=0 fail=14567 err=100.0% p50=56ms p95=231ms p99=522ms statuses[401=275 429=10807 503=3485]
  webhook    ok=0 fail=2919 err=100.0% p50=57ms p95=346ms p99=636ms statuses[429=456 503=2463]

[t+17581s] total=47021 rate=2.7/s
  events     ok=0 fail=29181 err=100.0% p50=55ms p95=221ms p99=510ms statuses[401=1235 429=27946]
  cron       ok=295 fail=0 err=0.0% p50=293ms p95=748ms p99=1210ms statuses[200=295]
  reads      ok=0 fail=14616 err=100.0% p50=56ms p95=232ms p99=530ms statuses[401=277 429=10843 503=3496]
  webhook    ok=0 fail=2929 err=100.0% p50=57ms p95=346ms p99=636ms statuses[429=458 503=2471]

[t+17641s] total=47181 rate=2.7/s
  events     ok=0 fail=29281 err=100.0% p50=55ms p95=222ms p99=509ms statuses[401=1242 429=28039]
  cron       ok=295 fail=0 err=0.0% p50=293ms p95=748ms p99=1210ms statuses[200=295]
  reads      ok=0 fail=14666 err=100.0% p50=56ms p95=232ms p99=530ms statuses[401=278 429=10882 503=3506]
  webhook    ok=0 fail=2939 err=100.0% p50=57ms p95=356ms p99=636ms statuses[429=460 503=2479]

[t+17701s] total=47341 rate=2.7/s
  events     ok=0 fail=29381 err=100.0% p50=55ms p95=222ms p99=509ms statuses[401=1247 429=28134]
  cron       ok=295 fail=0 err=0.0% p50=293ms p95=748ms p99=1210ms statuses[200=295]
  reads      ok=0 fail=14716 err=100.0% p50=56ms p95=232ms p99=530ms statuses[401=282 429=10914 503=3520]
  webhook    ok=0 fail=2949 err=100.0% p50=57ms p95=356ms p99=636ms statuses[429=462 503=2487]

[t+17761s] total=47504 rate=2.7/s
  events     ok=0 fail=29479 err=100.0% p50=55ms p95=223ms p99=563ms statuses[0=20 401=1259 429=28200]
  cron       ok=300 fail=0 err=0.0% p50=293ms p95=748ms p99=1210ms statuses[200=300]
  reads      ok=0 fail=14766 err=100.0% p50=56ms p95=234ms p99=580ms statuses[0=10 401=282 429=10935 503=3539]
  webhook    ok=0 fail=2959 err=100.0% p50=57ms p95=363ms p99=665ms statuses[0=1 429=463 503=2495]

[t+17821s] total=47665 rate=2.7/s
  events     ok=0 fail=29580 err=100.0% p50=55ms p95=223ms p99=562ms statuses[0=20 401=1262 429=28298]
  cron       ok=300 fail=0 err=0.0% p50=293ms p95=748ms p99=1210ms statuses[200=300]
  reads      ok=0 fail=14816 err=100.0% p50=56ms p95=234ms p99=579ms statuses[0=10 401=283 429=10972 503=3551]
  webhook    ok=0 fail=2969 err=100.0% p50=57ms p95=363ms p99=665ms statuses[0=1 429=464 503=2504]

[t+17881s] total=47825 rate=2.7/s
  events     ok=0 fail=29680 err=100.0% p50=55ms p95=223ms p99=562ms statuses[0=20 401=1267 429=28393]
  cron       ok=300 fail=0 err=0.0% p50=293ms p95=748ms p99=1210ms statuses[200=300]
  reads      ok=0 fail=14866 err=100.0% p50=56ms p95=234ms p99=579ms statuses[0=10 401=285 429=11002 503=3569]
  webhook    ok=0 fail=2979 err=100.0% p50=57ms p95=363ms p99=665ms statuses[0=1 429=466 503=2512]

[t+17941s] total=47984 rate=2.7/s
  events     ok=0 fail=29779 err=100.0% p50=55ms p95=223ms p99=561ms statuses[0=20 401=1269 429=28490]
  cron       ok=300 fail=0 err=0.0% p50=293ms p95=748ms p99=1210ms statuses[200=300]
  reads      ok=0 fail=14916 err=100.0% p50=56ms p95=234ms p99=579ms statuses[0=10 401=288 429=11027 503=3591]
  webhook    ok=0 fail=2989 err=100.0% p50=56ms p95=362ms p99=665ms statuses[0=1 429=467 503=2521]

[t+18001s] total=48144 rate=2.7/s
  events     ok=0 fail=29879 err=100.0% p50=55ms p95=223ms p99=561ms statuses[0=20 401=1277 429=28582]
  cron       ok=300 fail=0 err=0.0% p50=293ms p95=748ms p99=1210ms statuses[200=300]
  reads      ok=0 fail=14966 err=100.0% p50=56ms p95=234ms p99=580ms statuses[0=10 401=289 429=11066 503=3601]
  webhook    ok=0 fail=2999 err=100.0% p50=56ms p95=362ms p99=665ms statuses[0=1 429=469 503=2529]

[t+18061s] total=48305 rate=2.7/s
  events     ok=0 fail=29976 err=100.0% p50=55ms p95=223ms p99=561ms statuses[0=20 401=1279 429=28677]
  cron       ok=305 fail=0 err=0.0% p50=293ms p95=748ms p99=1210ms statuses[200=305]
  reads      ok=0 fail=15015 err=100.0% p50=56ms p95=234ms p99=579ms statuses[0=10 401=290 429=11101 503=3614]
  webhook    ok=0 fail=3009 err=100.0% p50=56ms p95=361ms p99=660ms statuses[0=1 429=470 503=2538]

[t+18121s] total=48464 rate=2.7/s
  events     ok=0 fail=30076 err=100.0% p50=55ms p95=223ms p99=561ms statuses[0=20 401=1282 429=28774]
  cron       ok=305 fail=0 err=0.0% p50=293ms p95=748ms p99=1210ms statuses[200=305]
  reads      ok=0 fail=15064 err=100.0% p50=56ms p95=234ms p99=579ms statuses[0=10 401=290 429=11139 503=3625]
  webhook    ok=0 fail=3019 err=100.0% p50=56ms p95=361ms p99=660ms statuses[0=1 429=472 503=2546]

[t+18181s] total=48624 rate=2.7/s
  events     ok=0 fail=30176 err=100.0% p50=55ms p95=223ms p99=560ms statuses[0=20 401=1286 429=28870]
  cron       ok=305 fail=0 err=0.0% p50=293ms p95=748ms p99=1210ms statuses[200=305]
  reads      ok=0 fail=15114 err=100.0% p50=56ms p95=234ms p99=579ms statuses[0=10 401=291 429=11178 503=3635]
  webhook    ok=0 fail=3029 err=100.0% p50=56ms p95=359ms p99=660ms statuses[0=1 429=474 503=2554]

[t+18241s] total=48783 rate=2.7/s
  events     ok=0 fail=30275 err=100.0% p50=55ms p95=223ms p99=559ms statuses[0=20 401=1289 429=28966]
  cron       ok=305 fail=0 err=0.0% p50=293ms p95=748ms p99=1210ms statuses[200=305]
  reads      ok=0 fail=15164 err=100.0% p50=56ms p95=233ms p99=579ms statuses[0=10 401=292 429=11217 503=3645]
  webhook    ok=0 fail=3039 err=100.0% p50=56ms p95=359ms p99=660ms statuses[0=1 429=476 503=2562]

[t+18301s] total=48943 rate=2.7/s
  events     ok=0 fail=30375 err=100.0% p50=55ms p95=223ms p99=556ms statuses[0=20 401=1292 429=29063]
  cron       ok=305 fail=0 err=0.0% p50=293ms p95=748ms p99=1210ms statuses[200=305]
  reads      ok=0 fail=15214 err=100.0% p50=55ms p95=233ms p99=578ms statuses[0=10 401=292 429=11256 503=3656]
  webhook    ok=0 fail=3049 err=100.0% p50=56ms p95=358ms p99=660ms statuses[0=1 429=478 503=2570]

[t+18361s] total=49108 rate=2.7/s
  events     ok=0 fail=30475 err=100.0% p50=55ms p95=223ms p99=553ms statuses[0=20 401=1295 429=29160]
  cron       ok=310 fail=0 err=0.0% p50=297ms p95=748ms p99=1210ms statuses[200=310]
  reads      ok=0 fail=15264 err=100.0% p50=55ms p95=233ms p99=579ms statuses[0=10 401=296 429=11279 503=3679]
  webhook    ok=0 fail=3059 err=100.0% p50=56ms p95=358ms p99=660ms statuses[0=1 429=480 503=2578]

[t+18421s] total=49267 rate=2.7/s
  events     ok=0 fail=30574 err=100.0% p50=55ms p95=222ms p99=552ms statuses[0=20 401=1302 429=29252]
  cron       ok=310 fail=0 err=0.0% p50=297ms p95=748ms p99=1210ms statuses[200=310]
  reads      ok=0 fail=15314 err=100.0% p50=55ms p95=232ms p99=578ms statuses[0=10 401=297 429=11311 503=3696]
  webhook    ok=0 fail=3069 err=100.0% p50=56ms p95=357ms p99=660ms statuses[0=1 429=482 503=2586]

[t+18481s] total=49427 rate=2.7/s
  events     ok=0 fail=30674 err=100.0% p50=55ms p95=222ms p99=548ms statuses[0=20 401=1305 429=29349]
  cron       ok=310 fail=0 err=0.0% p50=297ms p95=748ms p99=1210ms statuses[200=310]
  reads      ok=0 fail=15364 err=100.0% p50=55ms p95=232ms p99=578ms statuses[0=10 401=297 429=11350 503=3707]
  webhook    ok=0 fail=3079 err=100.0% p50=56ms p95=357ms p99=660ms statuses[0=1 429=484 503=2594]

[t+18541s] total=49586 rate=2.7/s
  events     ok=0 fail=30773 err=100.0% p50=55ms p95=222ms p99=548ms statuses[0=20 401=1308 429=29445]
  cron       ok=310 fail=0 err=0.0% p50=297ms p95=748ms p99=1210ms statuses[200=310]
  reads      ok=0 fail=15414 err=100.0% p50=55ms p95=232ms p99=573ms statuses[0=10 401=298 429=11389 503=3717]
  webhook    ok=0 fail=3089 err=100.0% p50=56ms p95=356ms p99=660ms statuses[0=1 429=486 503=2602]

[t+18601s] total=49746 rate=2.7/s
  events     ok=0 fail=30873 err=100.0% p50=55ms p95=222ms p99=547ms statuses[0=20 401=1311 429=29542]
  cron       ok=310 fail=0 err=0.0% p50=297ms p95=748ms p99=1210ms statuses[200=310]
  reads      ok=0 fail=15464 err=100.0% p50=55ms p95=232ms p99=573ms statuses[0=10 401=299 429=11428 503=3727]
  webhook    ok=0 fail=3099 err=100.0% p50=56ms p95=356ms p99=660ms statuses[0=1 429=488 503=2610]

[t+18661s] total=49911 rate=2.7/s
  events     ok=0 fail=30973 err=100.0% p50=55ms p95=222ms p99=547ms statuses[0=20 401=1314 429=29639]
  cron       ok=315 fail=0 err=0.0% p50=299ms p95=748ms p99=1210ms statuses[200=315]
  reads      ok=0 fail=15514 err=100.0% p50=55ms p95=232ms p99=573ms statuses[0=10 401=299 429=11467 503=3738]
  webhook    ok=0 fail=3109 err=100.0% p50=56ms p95=356ms p99=647ms statuses[0=1 429=490 503=2618]

[t+18721s] total=50069 rate=2.7/s
  events     ok=0 fail=31072 err=100.0% p50=55ms p95=222ms p99=546ms statuses[0=20 401=1317 429=29735]
  cron       ok=315 fail=0 err=0.0% p50=299ms p95=748ms p99=1210ms statuses[200=315]
  reads      ok=0 fail=15563 err=100.0% p50=55ms p95=232ms p99=573ms statuses[0=10 401=300 429=11505 503=3748]
  webhook    ok=0 fail=3119 err=100.0% p50=56ms p95=356ms p99=647ms statuses[0=1 429=492 503=2626]

[t+18781s] total=50229 rate=2.7/s
  events     ok=0 fail=31172 err=100.0% p50=55ms p95=222ms p99=543ms statuses[0=20 401=1320 429=29832]
  cron       ok=315 fail=0 err=0.0% p50=299ms p95=748ms p99=1210ms statuses[200=315]
  reads      ok=0 fail=15613 err=100.0% p50=55ms p95=232ms p99=572ms statuses[0=10 401=301 429=11544 503=3758]
  webhook    ok=0 fail=3129 err=100.0% p50=56ms p95=354ms p99=647ms statuses[0=1 429=494 503=2634]

[t+18841s] total=50389 rate=2.7/s
  events     ok=0 fail=31272 err=100.0% p50=55ms p95=222ms p99=543ms statuses[0=20 401=1323 429=29929]
  cron       ok=315 fail=0 err=0.0% p50=299ms p95=748ms p99=1210ms statuses[200=315]
  reads      ok=0 fail=15663 err=100.0% p50=55ms p95=231ms p99=572ms statuses[0=10 401=301 429=11583 503=3769]
  webhook    ok=0 fail=3139 err=100.0% p50=56ms p95=354ms p99=647ms statuses[0=1 429=496 503=2642]

[t+18901s] total=50548 rate=2.7/s
  events     ok=0 fail=31371 err=100.0% p50=55ms p95=222ms p99=543ms statuses[0=20 401=1326 429=30025]
  cron       ok=315 fail=0 err=0.0% p50=299ms p95=748ms p99=1210ms statuses[200=315]
  reads      ok=0 fail=15713 err=100.0% p50=55ms p95=231ms p99=571ms statuses[0=10 401=302 429=11622 503=3779]
  webhook    ok=0 fail=3149 err=100.0% p50=56ms p95=352ms p99=647ms statuses[0=1 429=498 503=2650]

[t+18961s] total=50713 rate=2.7/s
  events     ok=0 fail=31471 err=100.0% p50=55ms p95=222ms p99=543ms statuses[0=20 401=1329 429=30122]
  cron       ok=320 fail=0 err=0.0% p50=301ms p95=748ms p99=1210ms statuses[200=320]
  reads      ok=0 fail=15763 err=100.0% p50=55ms p95=231ms p99=572ms statuses[0=10 401=303 429=11661 503=3789]
  webhook    ok=0 fail=3159 err=100.0% p50=56ms p95=352ms p99=647ms statuses[0=1 429=500 503=2658]

[t+19021s] total=50872 rate=2.7/s
  events     ok=0 fail=31570 err=100.0% p50=55ms p95=221ms p99=542ms statuses[0=20 401=1332 429=30218]
  cron       ok=320 fail=0 err=0.0% p50=301ms p95=748ms p99=1210ms statuses[200=320]
  reads      ok=0 fail=15813 err=100.0% p50=55ms p95=231ms p99=571ms statuses[0=10 401=303 429=11700 503=3800]
  webhook    ok=0 fail=3169 err=100.0% p50=56ms p95=349ms p99=647ms statuses[0=1 429=502 503=2666]

[t+19081s] total=51032 rate=2.7/s
  events     ok=0 fail=31670 err=100.0% p50=55ms p95=221ms p99=542ms statuses[0=20 401=1335 429=30315]
  cron       ok=320 fail=0 err=0.0% p50=301ms p95=748ms p99=1210ms statuses[200=320]
  reads      ok=0 fail=15863 err=100.0% p50=55ms p95=231ms p99=571ms statuses[0=10 401=304 429=11739 503=3810]
  webhook    ok=0 fail=3179 err=100.0% p50=56ms p95=352ms p99=647ms statuses[0=1 429=504 503=2674]

[t+19141s] total=51192 rate=2.7/s
  events     ok=0 fail=31770 err=100.0% p50=55ms p95=221ms p99=541ms statuses[0=20 401=1340 429=30410]
  cron       ok=320 fail=0 err=0.0% p50=301ms p95=748ms p99=1210ms statuses[200=320]
  reads      ok=0 fail=15913 err=100.0% p50=55ms p95=231ms p99=570ms statuses[0=10 401=305 429=11777 503=3821]
  webhook    ok=0 fail=3189 err=100.0% p50=56ms p95=349ms p99=647ms statuses[0=1 429=506 503=2682]

[t+19201s] total=51351 rate=2.7/s
  events     ok=0 fail=31869 err=100.0% p50=55ms p95=221ms p99=539ms statuses[0=20 401=1343 429=30506]
  cron       ok=320 fail=0 err=0.0% p50=301ms p95=748ms p99=1210ms statuses[200=320]
  reads      ok=0 fail=15963 err=100.0% p50=55ms p95=230ms p99=570ms statuses[0=10 401=305 429=11816 503=3832]
  webhook    ok=0 fail=3199 err=100.0% p50=56ms p95=349ms p99=647ms statuses[0=1 429=508 503=2690]

[t+19261s] total=51516 rate=2.7/s
  events     ok=0 fail=31969 err=100.0% p50=55ms p95=221ms p99=539ms statuses[0=20 401=1349 429=30600]
  cron       ok=325 fail=0 err=0.0% p50=299ms p95=746ms p99=1210ms statuses[200=325]
  reads      ok=0 fail=16013 err=100.0% p50=55ms p95=230ms p99=567ms statuses[0=10 401=306 429=11855 503=3842]
  webhook    ok=0 fail=3209 err=100.0% p50=56ms p95=354ms p99=647ms statuses[0=1 429=510 503=2698]

[t+19321s] total=51674 rate=2.7/s
  events     ok=0 fail=32068 err=100.0% p50=55ms p95=221ms p99=538ms statuses[0=20 401=1353 429=30695]
  cron       ok=325 fail=0 err=0.0% p50=299ms p95=746ms p99=1210ms statuses[200=325]
  reads      ok=0 fail=16062 err=100.0% p50=55ms p95=230ms p99=567ms statuses[0=10 401=307 429=11892 503=3853]
  webhook    ok=0 fail=3219 err=100.0% p50=56ms p95=354ms p99=647ms statuses[0=1 429=512 503=2706]

[t+19381s] total=51834 rate=2.7/s
  events     ok=0 fail=32168 err=100.0% p50=55ms p95=221ms p99=538ms statuses[0=20 401=1356 429=30792]
  cron       ok=325 fail=0 err=0.0% p50=299ms p95=746ms p99=1210ms statuses[200=325]
  reads      ok=0 fail=16112 err=100.0% p50=55ms p95=230ms p99=567ms statuses[0=10 401=307 429=11932 503=3863]
  webhook    ok=0 fail=3229 err=100.0% p50=56ms p95=352ms p99=647ms statuses[0=1 429=514 503=2714]

[t+19441s] total=51994 rate=2.7/s
  events     ok=0 fail=32268 err=100.0% p50=55ms p95=221ms p99=537ms statuses[0=20 401=1361 429=30887]
  cron       ok=325 fail=0 err=0.0% p50=299ms p95=746ms p99=1210ms statuses[200=325]
  reads      ok=0 fail=16162 err=100.0% p50=55ms p95=230ms p99=567ms statuses[0=10 401=308 429=11971 503=3873]
  webhook    ok=0 fail=3239 err=100.0% p50=56ms p95=356ms p99=660ms statuses[0=1 429=516 503=2722]

[t+19501s] total=52153 rate=2.7/s
  events     ok=0 fail=32367 err=100.0% p50=55ms p95=221ms p99=537ms statuses[0=20 401=1365 429=30982]
  cron       ok=325 fail=0 err=0.0% p50=299ms p95=746ms p99=1210ms statuses[200=325]
  reads      ok=0 fail=16212 err=100.0% p50=55ms p95=230ms p99=567ms statuses[0=10 401=310 429=12006 503=3886]
  webhook    ok=0 fail=3249 err=100.0% p50=56ms p95=356ms p99=660ms statuses[0=1 429=518 503=2730]

[t+19561s] total=52318 rate=2.7/s
  events     ok=0 fail=32467 err=100.0% p50=55ms p95=221ms p99=537ms statuses[0=20 401=1369 429=31078]
  cron       ok=330 fail=0 err=0.0% p50=301ms p95=748ms p99=1210ms statuses[200=330]
  reads      ok=0 fail=16262 err=100.0% p50=55ms p95=230ms p99=567ms statuses[0=10 401=311 429=12044 503=3897]
  webhook    ok=0 fail=3259 err=100.0% p50=56ms p95=357ms p99=665ms statuses[0=1 429=520 503=2738]

[t+19621s] total=52477 rate=2.7/s
  events     ok=0 fail=32566 err=100.0% p50=55ms p95=221ms p99=537ms statuses[0=20 401=1376 429=31170]
  cron       ok=330 fail=0 err=0.0% p50=301ms p95=748ms p99=1210ms statuses[200=330]
  reads      ok=0 fail=16312 err=100.0% p50=55ms p95=230ms p99=567ms statuses[0=10 401=312 429=12083 503=3907]
  webhook    ok=0 fail=3269 err=100.0% p50=56ms p95=357ms p99=665ms statuses[0=1 429=521 503=2747]

[t+19681s] total=52637 rate=2.7/s
  events     ok=0 fail=32666 err=100.0% p50=55ms p95=221ms p99=537ms statuses[0=20 401=1379 429=31267]
  cron       ok=330 fail=0 err=0.0% p50=301ms p95=748ms p99=1210ms statuses[200=330]
  reads      ok=0 fail=16362 err=100.0% p50=55ms p95=230ms p99=567ms statuses[0=10 401=313 429=12122 503=3917]
  webhook    ok=0 fail=3279 err=100.0% p50=56ms p95=357ms p99=665ms statuses[0=1 429=523 503=2755]

[t+19741s] total=52797 rate=2.7/s
  events     ok=0 fail=32766 err=100.0% p50=55ms p95=221ms p99=537ms statuses[0=20 401=1386 429=31360]
  cron       ok=330 fail=0 err=0.0% p50=301ms p95=748ms p99=1210ms statuses[200=330]
  reads      ok=0 fail=16412 err=100.0% p50=55ms p95=230ms p99=565ms statuses[0=10 401=313 429=12161 503=3928]
  webhook    ok=0 fail=3289 err=100.0% p50=56ms p95=356ms p99=665ms statuses[0=1 429=525 503=2763]

[t+19801s] total=52956 rate=2.7/s
  events     ok=0 fail=32865 err=100.0% p50=55ms p95=221ms p99=537ms statuses[0=20 401=1390 429=31455]
  cron       ok=330 fail=0 err=0.0% p50=301ms p95=748ms p99=1210ms statuses[200=330]
  reads      ok=0 fail=16462 err=100.0% p50=55ms p95=230ms p99=565ms statuses[0=10 401=314 429=12200 503=3938]
  webhook    ok=0 fail=3299 err=100.0% p50=56ms p95=356ms p99=665ms statuses[0=1 429=527 503=2771]

[t+19861s] total=53117 rate=2.7/s
  events     ok=0 fail=32963 err=100.0% p50=55ms p95=221ms p99=535ms statuses[0=20 401=1397 429=31546]
  cron       ok=335 fail=0 err=0.0% p50=301ms p95=767ms p99=1243ms statuses[200=335]
  reads      ok=0 fail=16510 err=100.0% p50=55ms p95=230ms p99=564ms statuses[0=10 401=315 429=12233 503=3952]
  webhook    ok=0 fail=3309 err=100.0% p50=56ms p95=356ms p99=660ms statuses[0=1 429=529 503=2779]

[t+19921s] total=53276 rate=2.7/s
  events     ok=0 fail=33062 err=100.0% p50=55ms p95=221ms p99=534ms statuses[0=20 401=1400 429=31642]
  cron       ok=335 fail=0 err=0.0% p50=301ms p95=767ms p99=1243ms statuses[200=335]
  reads      ok=0 fail=16560 err=100.0% p50=55ms p95=230ms p99=564ms statuses[0=10 401=316 429=12272 503=3962]
  webhook    ok=0 fail=3319 err=100.0% p50=56ms p95=356ms p99=660ms statuses[0=1 429=531 503=2787]

[t+19981s] total=53436 rate=2.7/s
  events     ok=0 fail=33162 err=100.0% p50=55ms p95=221ms p99=534ms statuses[0=20 401=1403 429=31739]
  cron       ok=335 fail=0 err=0.0% p50=301ms p95=767ms p99=1243ms statuses[200=335]
  reads      ok=0 fail=16610 err=100.0% p50=55ms p95=230ms p99=563ms statuses[0=10 401=317 429=12311 503=3972]
  webhook    ok=0 fail=3329 err=100.0% p50=56ms p95=357ms p99=660ms statuses[0=1 429=533 503=2795]

[t+20041s] total=53595 rate=2.7/s
  events     ok=0 fail=33261 err=100.0% p50=55ms p95=221ms p99=534ms statuses[0=20 401=1408 429=31833]
  cron       ok=335 fail=0 err=0.0% p50=301ms p95=767ms p99=1243ms statuses[200=335]
  reads      ok=0 fail=16660 err=100.0% p50=55ms p95=230ms p99=563ms statuses[0=10 401=317 429=12350 503=3983]
  webhook    ok=0 fail=3339 err=100.0% p50=56ms p95=357ms p99=660ms statuses[0=1 429=535 503=2803]

[t+20101s] total=53755 rate=2.7/s
  events     ok=0 fail=33361 err=100.0% p50=55ms p95=221ms p99=534ms statuses[0=20 401=1411 429=31930]
  cron       ok=335 fail=0 err=0.0% p50=301ms p95=767ms p99=1243ms statuses[200=335]
  reads      ok=0 fail=16710 err=100.0% p50=55ms p95=230ms p99=553ms statuses[0=10 401=318 429=12389 503=3993]
  webhook    ok=0 fail=3349 err=100.0% p50=56ms p95=356ms p99=660ms statuses[0=1 429=537 503=2811]

[t+20161s] total=53920 rate=2.7/s
  events     ok=0 fail=33461 err=100.0% p50=55ms p95=221ms p99=533ms statuses[0=20 401=1414 429=32027]
  cron       ok=340 fail=0 err=0.0% p50=301ms p95=767ms p99=1243ms statuses[200=340]
  reads      ok=0 fail=16760 err=100.0% p50=55ms p95=230ms p99=553ms statuses[0=10 401=319 429=12428 503=4003]
  webhook    ok=0 fail=3359 err=100.0% p50=56ms p95=356ms p99=660ms statuses[0=1 429=539 503=2819]

[t+20221s] total=54078 rate=2.7/s
  events     ok=0 fail=33560 err=100.0% p50=55ms p95=221ms p99=530ms statuses[0=20 401=1417 429=32123]
  cron       ok=340 fail=0 err=0.0% p50=301ms p95=767ms p99=1243ms statuses[200=340]
  reads      ok=0 fail=16809 err=100.0% p50=55ms p95=230ms p99=547ms statuses[0=10 401=319 429=12466 503=4014]
  webhook    ok=0 fail=3369 err=100.0% p50=56ms p95=356ms p99=660ms statuses[0=1 429=541 503=2827]

[t+20281s] total=54238 rate=2.7/s
  events     ok=0 fail=33660 err=100.0% p50=55ms p95=221ms p99=530ms statuses[0=20 401=1420 429=32220]
  cron       ok=340 fail=0 err=0.0% p50=301ms p95=767ms p99=1243ms statuses[200=340]
  reads      ok=0 fail=16859 err=100.0% p50=55ms p95=230ms p99=547ms statuses[0=10 401=320 429=12505 503=4024]
  webhook    ok=0 fail=3379 err=100.0% p50=56ms p95=356ms p99=660ms statuses[0=1 429=543 503=2835]

[t+20341s] total=54397 rate=2.7/s
  events     ok=0 fail=33759 err=100.0% p50=55ms p95=221ms p99=528ms statuses[0=20 401=1423 429=32316]
  cron       ok=340 fail=0 err=0.0% p50=301ms p95=767ms p99=1243ms statuses[200=340]
  reads      ok=0 fail=16909 err=100.0% p50=55ms p95=230ms p99=540ms statuses[0=10 401=321 429=12543 503=4035]
  webhook    ok=0 fail=3389 err=100.0% p50=56ms p95=354ms p99=660ms statuses[0=1 429=545 503=2843]

[t+20401s] total=54557 rate=2.7/s
  events     ok=0 fail=33859 err=100.0% p50=55ms p95=221ms p99=528ms statuses[0=20 401=1426 429=32413]
  cron       ok=340 fail=0 err=0.0% p50=301ms p95=767ms p99=1243ms statuses[200=340]
  reads      ok=0 fail=16959 err=100.0% p50=55ms p95=229ms p99=540ms statuses[0=10 401=321 429=12582 503=4046]
  webhook    ok=0 fail=3399 err=100.0% p50=56ms p95=356ms p99=660ms statuses[0=1 429=547 503=2851]

[t+20461s] total=54722 rate=2.7/s
  events     ok=0 fail=33959 err=100.0% p50=55ms p95=221ms p99=528ms statuses[0=20 401=1429 429=32510]
  cron       ok=345 fail=0 err=0.0% p50=301ms p95=748ms p99=1243ms statuses[200=345]
  reads      ok=0 fail=17009 err=100.0% p50=55ms p95=229ms p99=537ms statuses[0=10 401=322 429=12621 503=4056]
  webhook    ok=0 fail=3409 err=100.0% p50=56ms p95=356ms p99=647ms statuses[0=1 429=549 503=2859]

[t+20521s] total=54881 rate=2.7/s
  events     ok=0 fail=34058 err=100.0% p50=55ms p95=221ms p99=526ms statuses[0=20 401=1432 429=32606]
  cron       ok=345 fail=0 err=0.0% p50=301ms p95=748ms p99=1243ms statuses[200=345]
  reads      ok=0 fail=17059 err=100.0% p50=55ms p95=229ms p99=540ms statuses[0=10 401=323 429=12660 503=4066]
  webhook    ok=0 fail=3419 err=100.0% p50=56ms p95=356ms p99=647ms statuses[0=1 429=551 503=2867]

[t+20581s] total=55041 rate=2.7/s
  events     ok=0 fail=34158 err=100.0% p50=55ms p95=221ms p99=526ms statuses[0=20 401=1435 429=32703]
  cron       ok=345 fail=0 err=0.0% p50=301ms p95=748ms p99=1243ms statuses[200=345]
  reads      ok=0 fail=17109 err=100.0% p50=55ms p95=229ms p99=537ms statuses[0=10 401=323 429=12699 503=4077]
  webhook    ok=0 fail=3429 err=100.0% p50=56ms p95=356ms p99=647ms statuses[0=1 429=553 503=2875]

[t+20641s] total=55200 rate=2.7/s
  events     ok=0 fail=34257 err=100.0% p50=55ms p95=221ms p99=526ms statuses[0=20 401=1439 429=32798]
  cron       ok=345 fail=0 err=0.0% p50=301ms p95=748ms p99=1243ms statuses[200=345]
  reads      ok=0 fail=17159 err=100.0% p50=55ms p95=229ms p99=537ms statuses[0=10 401=323 429=12739 503=4087]
  webhook    ok=0 fail=3439 err=100.0% p50=56ms p95=356ms p99=647ms statuses[0=1 429=555 503=2883]

[t+20701s] total=55360 rate=2.7/s
  events     ok=0 fail=34357 err=100.0% p50=55ms p95=221ms p99=533ms statuses[0=20 401=1444 429=32893]
  cron       ok=345 fail=0 err=0.0% p50=301ms p95=748ms p99=1243ms statuses[200=345]
  reads      ok=0 fail=17209 err=100.0% p50=55ms p95=230ms p99=540ms statuses[0=10 401=326 429=12772 503=4101]
  webhook    ok=0 fail=3449 err=100.0% p50=56ms p95=354ms p99=647ms statuses[0=1 429=555 503=2893]

[t+20761s] total=55525 rate=2.7/s
  events     ok=0 fail=34457 err=100.0% p50=55ms p95=222ms p99=535ms statuses[0=20 401=1449 429=32988]
  cron       ok=350 fail=0 err=0.0% p50=301ms p95=748ms p99=1243ms statuses[200=350]
  reads      ok=0 fail=17259 err=100.0% p50=55ms p95=230ms p99=553ms statuses[0=10 401=328 429=12807 503=4114]
  webhook    ok=0 fail=3459 err=100.0% p50=56ms p95=356ms p99=647ms statuses[0=1 429=557 503=2901]

[t+20821s] total=55683 rate=2.7/s
  events     ok=0 fail=34556 err=100.0% p50=55ms p95=222ms p99=537ms statuses[0=20 401=1453 429=33083]
  cron       ok=350 fail=0 err=0.0% p50=301ms p95=748ms p99=1243ms statuses[200=350]
  reads      ok=0 fail=17308 err=100.0% p50=55ms p95=230ms p99=547ms statuses[0=10 401=328 429=12846 503=4124]
  webhook    ok=0 fail=3469 err=100.0% p50=56ms p95=354ms p99=647ms statuses[0=1 429=559 503=2909]

[t+20881s] total=55843 rate=2.7/s
  events     ok=0 fail=34656 err=100.0% p50=55ms p95=222ms p99=535ms statuses[0=20 401=1456 429=33180]
  cron       ok=350 fail=0 err=0.0% p50=301ms p95=748ms p99=1243ms statuses[200=350]
  reads      ok=0 fail=17358 err=100.0% p50=55ms p95=230ms p99=547ms statuses[0=10 401=329 429=12885 503=4134]
  webhook    ok=0 fail=3479 err=100.0% p50=56ms p95=354ms p99=647ms statuses[0=1 429=561 503=2917]

[t+20941s] total=56003 rate=2.7/s
  events     ok=0 fail=34756 err=100.0% p50=55ms p95=222ms p99=534ms statuses[0=20 401=1459 429=33277]
  cron       ok=350 fail=0 err=0.0% p50=301ms p95=748ms p99=1243ms statuses[200=350]
  reads      ok=0 fail=17408 err=100.0% p50=55ms p95=230ms p99=540ms statuses[0=10 401=330 429=12924 503=4144]
  webhook    ok=0 fail=3489 err=100.0% p50=56ms p95=353ms p99=647ms statuses[0=1 429=563 503=2925]

[t+21001s] total=56162 rate=2.7/s
  events     ok=0 fail=34855 err=100.0% p50=55ms p95=222ms p99=534ms statuses[0=20 401=1462 429=33373]
  cron       ok=350 fail=0 err=0.0% p50=301ms p95=748ms p99=1243ms statuses[200=350]
  reads      ok=0 fail=17458 err=100.0% p50=55ms p95=230ms p99=540ms statuses[0=10 401=330 429=12963 503=4155]
  webhook    ok=0 fail=3499 err=100.0% p50=56ms p95=353ms p99=647ms statuses[0=1 429=565 503=2933]

[t+21061s] total=56327 rate=2.7/s
  events     ok=0 fail=34955 err=100.0% p50=55ms p95=222ms p99=533ms statuses[0=20 401=1465 429=33470]
  cron       ok=355 fail=0 err=0.0% p50=301ms p95=767ms p99=1243ms statuses[200=355]
  reads      ok=0 fail=17508 err=100.0% p50=55ms p95=230ms p99=537ms statuses[0=10 401=331 429=13002 503=4165]
  webhook    ok=0 fail=3509 err=100.0% p50=56ms p95=354ms p99=647ms statuses[0=1 429=567 503=2941]

[t+21121s] total=56486 rate=2.7/s
  events     ok=0 fail=35054 err=100.0% p50=55ms p95=222ms p99=530ms statuses[0=20 401=1469 429=33565]
  cron       ok=355 fail=0 err=0.0% p50=301ms p95=767ms p99=1243ms statuses[200=355]
  reads      ok=0 fail=17558 err=100.0% p50=55ms p95=230ms p99=537ms statuses[0=10 401=332 429=13041 503=4175]
  webhook    ok=0 fail=3519 err=100.0% p50=56ms p95=354ms p99=647ms statuses[0=1 429=569 503=2949]

[t+21181s] total=56645 rate=2.7/s
  events     ok=0 fail=35154 err=100.0% p50=55ms p95=222ms p99=528ms statuses[0=20 401=1472 429=33662]
  cron       ok=355 fail=0 err=0.0% p50=301ms p95=767ms p99=1243ms statuses[200=355]
  reads      ok=0 fail=17608 err=100.0% p50=55ms p95=230ms p99=534ms statuses[0=10 401=333 429=13080 503=4185]
  webhook    ok=0 fail=3528 err=100.0% p50=56ms p95=354ms p99=647ms statuses[0=1 429=571 503=2956]

[t+21241s] total=56805 rate=2.7/s
  events     ok=0 fail=35254 err=100.0% p50=55ms p95=222ms p99=530ms statuses[0=20 401=1475 429=33759]
  cron       ok=355 fail=0 err=0.0% p50=301ms p95=767ms p99=1243ms statuses[200=355]
  reads      ok=0 fail=17658 err=100.0% p50=55ms p95=230ms p99=534ms statuses[0=10 401=333 429=13120 503=4195]
  webhook    ok=0 fail=3538 err=100.0% p50=56ms p95=357ms p99=660ms statuses[0=1 429=573 503=2964]

[t+21301s] total=56965 rate=2.7/s
  events     ok=0 fail=35353 err=100.0% p50=55ms p95=222ms p99=530ms statuses[0=20 401=1478 429=33855]
  cron       ok=355 fail=0 err=0.0% p50=301ms p95=767ms p99=1243ms statuses[200=355]
  reads      ok=0 fail=17708 err=100.0% p50=55ms p95=230ms p99=533ms statuses[0=10 401=334 429=13159 503=4205]
  webhook    ok=0 fail=3549 err=100.0% p50=56ms p95=357ms p99=660ms statuses[0=1 429=575 503=2973]

[t+21361s] total=57130 rate=2.7/s
  events     ok=0 fail=35453 err=100.0% p50=55ms p95=222ms p99=530ms statuses[0=20 401=1481 429=33952]
  cron       ok=360 fail=0 err=0.0% p50=304ms p95=767ms p99=1243ms statuses[200=360]
  reads      ok=0 fail=17758 err=100.0% p50=55ms p95=231ms p99=533ms statuses[0=10 401=335 429=13198 503=4215]
  webhook    ok=0 fail=3559 err=100.0% p50=56ms p95=357ms p99=660ms statuses[0=1 429=577 503=2981]

[t+21421s] total=57288 rate=2.7/s
  events     ok=0 fail=35552 err=100.0% p50=55ms p95=222ms p99=528ms statuses[0=20 401=1484 429=34048]
  cron       ok=360 fail=0 err=0.0% p50=304ms p95=767ms p99=1243ms statuses[200=360]
  reads      ok=0 fail=17807 err=100.0% p50=55ms p95=231ms p99=532ms statuses[0=10 401=335 429=13237 503=4225]
  webhook    ok=0 fail=3569 err=100.0% p50=56ms p95=357ms p99=660ms statuses[0=1 429=579 503=2989]

[t+21481s] total=57448 rate=2.7/s
  events     ok=0 fail=35652 err=100.0% p50=55ms p95=222ms p99=528ms statuses[0=20 401=1486 429=34146]
  cron       ok=360 fail=0 err=0.0% p50=304ms p95=767ms p99=1243ms statuses[200=360]
  reads      ok=0 fail=17857 err=100.0% p50=55ms p95=231ms p99=532ms statuses[0=10 401=338 429=13263 503=4246]
  webhook    ok=0 fail=3579 err=100.0% p50=56ms p95=357ms p99=660ms statuses[0=1 429=580 503=2998]

[t+21541s] total=57607 rate=2.7/s
  events     ok=0 fail=35751 err=100.0% p50=55ms p95=222ms p99=528ms statuses[0=20 401=1493 429=34238]
  cron       ok=360 fail=0 err=0.0% p50=304ms p95=767ms p99=1243ms statuses[200=360]
  reads      ok=0 fail=17907 err=100.0% p50=55ms p95=231ms p99=530ms statuses[0=10 401=339 429=13302 503=4256]
  webhook    ok=0 fail=3589 err=100.0% p50=56ms p95=358ms p99=665ms statuses[0=1 429=582 503=3006]

[t+21601s] total=57767 rate=2.7/s
  events     ok=0 fail=35851 err=100.0% p50=55ms p95=222ms p99=528ms statuses[0=20 401=1497 429=34334]
  cron       ok=360 fail=0 err=0.0% p50=304ms p95=767ms p99=1243ms statuses[200=360]
  reads      ok=0 fail=17957 err=100.0% p50=55ms p95=230ms p99=530ms statuses[0=10 401=339 429=13341 503=4267]
  webhook    ok=0 fail=3599 err=100.0% p50=56ms p95=358ms p99=665ms statuses[0=1 429=584 503=3014]

[t+21661s] total=57930 rate=2.7/s
  events     ok=0 fail=35950 err=100.0% p50=55ms p95=222ms p99=528ms statuses[0=20 401=1501 429=34429]
  cron       ok=365 fail=0 err=0.0% p50=306ms p95=750ms p99=1243ms statuses[200=365]
  reads      ok=0 fail=18006 err=100.0% p50=55ms p95=230ms p99=532ms statuses[0=10 401=339 429=13380 503=4277]
  webhook    ok=0 fail=3609 err=100.0% p50=56ms p95=358ms p99=660ms statuses[0=1 429=585 503=3023]

[t+21721s] total=58090 rate=2.7/s
  events     ok=0 fail=36050 err=100.0% p50=55ms p95=222ms p99=528ms statuses[0=20 401=1506 429=34524]
  cron       ok=365 fail=0 err=0.0% p50=306ms p95=750ms p99=1243ms statuses[200=365]
  reads      ok=0 fail=18056 err=100.0% p50=55ms p95=230ms p99=532ms statuses[0=10 401=340 429=13419 503=4287]
  webhook    ok=0 fail=3619 err=100.0% p50=56ms p95=358ms p99=660ms statuses[0=1 429=586 503=3032]

[t+21781s] total=58249 rate=2.7/s
  events     ok=0 fail=36150 err=100.0% p50=55ms p95=222ms p99=528ms statuses[0=20 401=1512 429=34618]
  cron       ok=365 fail=0 err=0.0% p50=306ms p95=750ms p99=1243ms statuses[200=365]
  reads      ok=0 fail=18106 err=100.0% p50=55ms p95=230ms p99=532ms statuses[0=10 401=343 429=13455 503=4298]
  webhook    ok=0 fail=3628 err=100.0% p50=56ms p95=358ms p99=665ms statuses[0=1 429=587 503=3040]

[t+21841s] total=58409 rate=2.7/s
  events     ok=0 fail=36249 err=100.0% p50=55ms p95=222ms p99=526ms statuses[0=20 401=1515 429=34714]
  cron       ok=365 fail=0 err=0.0% p50=306ms p95=750ms p99=1243ms statuses[200=365]
  reads      ok=0 fail=18156 err=100.0% p50=55ms p95=230ms p99=533ms statuses[0=10 401=344 429=13491 503=4311]
  webhook    ok=0 fail=3639 err=100.0% p50=56ms p95=361ms p99=665ms statuses[0=1 429=588 503=3050]

[t+21901s] total=58568 rate=2.7/s
  events     ok=0 fail=36349 err=100.0% p50=55ms p95=223ms p99=528ms statuses[0=20 401=1520 429=34809]
  cron       ok=365 fail=0 err=0.0% p50=306ms p95=750ms p99=1243ms statuses[200=365]
  reads      ok=0 fail=18206 err=100.0% p50=55ms p95=230ms p99=532ms statuses[0=10 401=346 429=13527 503=4323]
  webhook    ok=0 fail=3648 err=100.0% p50=56ms p95=362ms p99=666ms statuses[0=1 429=589 503=3058]

[t+21961s] total=58732 rate=2.7/s
  events     ok=0 fail=36448 err=100.0% p50=55ms p95=223ms p99=528ms statuses[0=20 401=1524 429=34904]
  cron       ok=370 fail=0 err=0.0% p50=306ms p95=750ms p99=1243ms statuses[200=370]
  reads      ok=0 fail=18256 err=100.0% p50=55ms p95=231ms p99=532ms statuses[0=10 401=349 429=13548 503=4349]
  webhook    ok=0 fail=3658 err=100.0% p50=56ms p95=363ms p99=666ms statuses[0=1 429=589 503=3068]

[t+22021s] total=58892 rate=2.7/s
  events     ok=0 fail=36548 err=100.0% p50=55ms p95=223ms p99=526ms statuses[0=20 401=1531 429=34997]
  cron       ok=370 fail=0 err=0.0% p50=306ms p95=750ms p99=1243ms statuses[200=370]
  reads      ok=0 fail=18306 err=100.0% p50=55ms p95=230ms p99=530ms statuses[0=10 401=350 429=13581 503=4365]
  webhook    ok=0 fail=3668 err=100.0% p50=56ms p95=362ms p99=666ms statuses[0=1 429=590 503=3077]

[t+22081s] total=59052 rate=2.7/s
  events     ok=0 fail=36648 err=100.0% p50=55ms p95=223ms p99=526ms statuses[0=20 401=1534 429=35094]
  cron       ok=370 fail=0 err=0.0% p50=306ms p95=750ms p99=1243ms statuses[200=370]
  reads      ok=0 fail=18356 err=100.0% p50=55ms p95=230ms p99=530ms statuses[0=10 401=351 429=13620 503=4375]
  webhook    ok=0 fail=3678 err=100.0% p50=56ms p95=362ms p99=666ms statuses[0=1 429=591 503=3086]

[t+22141s] total=59211 rate=2.7/s
  events     ok=0 fail=36747 err=100.0% p50=55ms p95=223ms p99=526ms statuses[0=20 401=1540 429=35187]
  cron       ok=370 fail=0 err=0.0% p50=306ms p95=750ms p99=1243ms statuses[200=370]
  reads      ok=0 fail=18406 err=100.0% p50=55ms p95=230ms p99=530ms statuses[0=10 401=353 429=13658 503=4385]
  webhook    ok=0 fail=3688 err=100.0% p50=56ms p95=361ms p99=666ms statuses[0=1 429=592 503=3095]

[t+22201s] total=59371 rate=2.7/s
  events     ok=0 fail=36847 err=100.0% p50=55ms p95=223ms p99=526ms statuses[0=20 401=1545 429=35282]
  cron       ok=370 fail=0 err=0.0% p50=306ms p95=750ms p99=1243ms statuses[200=370]
  reads      ok=0 fail=18456 err=100.0% p50=55ms p95=230ms p99=530ms statuses[0=10 401=354 429=13694 503=4398]
  webhook    ok=0 fail=3698 err=100.0% p50=56ms p95=361ms p99=666ms statuses[0=1 429=593 503=3104]

[t+22261s] total=59535 rate=2.7/s
  events     ok=0 fail=36947 err=100.0% p50=55ms p95=223ms p99=526ms statuses[0=20 401=1549 429=35378]
  cron       ok=375 fail=0 err=0.0% p50=306ms p95=750ms p99=1243ms statuses[200=375]
  reads      ok=0 fail=18505 err=100.0% p50=55ms p95=231ms p99=530ms statuses[0=10 401=356 429=13720 503=4419]
  webhook    ok=0 fail=3708 err=100.0% p50=56ms p95=359ms p99=665ms statuses[0=1 429=594 503=3113]

[t+22321s] total=59694 rate=2.7/s
  events     ok=0 fail=37046 err=100.0% p50=55ms p95=223ms p99=528ms statuses[0=20 401=1558 429=35468]
  cron       ok=375 fail=0 err=0.0% p50=306ms p95=750ms p99=1243ms statuses[200=375]
  reads      ok=0 fail=18555 err=100.0% p50=55ms p95=231ms p99=530ms statuses[0=10 401=356 429=13751 503=4438]
  webhook    ok=0 fail=3718 err=100.0% p50=56ms p95=361ms p99=666ms statuses[0=1 429=595 503=3122]

[t+22381s] total=59854 rate=2.7/s
  events     ok=0 fail=37146 err=100.0% p50=55ms p95=223ms p99=528ms statuses[0=20 401=1561 429=35565]
  cron       ok=375 fail=0 err=0.0% p50=306ms p95=750ms p99=1243ms statuses[200=375]
  reads      ok=0 fail=18605 err=100.0% p50=55ms p95=231ms p99=526ms statuses[0=10 401=356 429=13790 503=4449]
  webhook    ok=0 fail=3728 err=100.0% p50=56ms p95=361ms p99=666ms statuses[0=1 429=595 503=3132]

[t+22441s] total=60013 rate=2.7/s
  events     ok=0 fail=37245 err=100.0% p50=55ms p95=223ms p99=528ms statuses[0=20 401=1566 429=35659]
  cron       ok=375 fail=0 err=0.0% p50=306ms p95=750ms p99=1243ms statuses[200=375]
  reads      ok=0 fail=18655 err=100.0% p50=55ms p95=231ms p99=532ms statuses[0=10 401=358 429=13824 503=4463]
  webhook    ok=0 fail=3738 err=100.0% p50=56ms p95=361ms p99=666ms statuses[0=1 429=595 503=3142]

[t+22501s] total=60173 rate=2.7/s
  events     ok=0 fail=37345 err=100.0% p50=55ms p95=223ms p99=526ms statuses[0=20 401=1570 429=35755]
  cron       ok=375 fail=0 err=0.0% p50=306ms p95=750ms p99=1243ms statuses[200=375]
  reads      ok=0 fail=18705 err=100.0% p50=55ms p95=231ms p99=530ms statuses[0=10 401=359 429=13861 503=4475]
  webhook    ok=0 fail=3748 err=100.0% p50=56ms p95=361ms p99=666ms statuses[0=1 429=595 503=3152]

[t+22561s] total=60338 rate=2.7/s
  events     ok=0 fail=37445 err=100.0% p50=55ms p95=223ms p99=526ms statuses[0=20 401=1575 429=35850]
  cron       ok=380 fail=0 err=0.0% p50=306ms p95=750ms p99=1243ms statuses[200=380]
  reads      ok=0 fail=18755 err=100.0% p50=55ms p95=231ms p99=532ms statuses[0=10 401=359 429=13900 503=4486]
  webhook    ok=0 fail=3758 err=100.0% p50=56ms p95=362ms p99=666ms statuses[0=1 429=596 503=3161]

[t+22621s] total=60497 rate=2.7/s
  events     ok=0 fail=37544 err=100.0% p50=55ms p95=223ms p99=523ms statuses[0=20 401=1584 429=35940]
  cron       ok=380 fail=0 err=0.0% p50=306ms p95=750ms p99=1243ms statuses[200=380]
  reads      ok=0 fail=18805 err=100.0% p50=55ms p95=231ms p99=530ms statuses[0=10 401=361 429=13930 503=4504]
  webhook    ok=0 fail=3768 err=100.0% p50=56ms p95=361ms p99=666ms statuses[0=1 429=597 503=3170]

[t+22681s] total=60657 rate=2.7/s
  events     ok=0 fail=37644 err=100.0% p50=55ms p95=223ms p99=522ms statuses[0=20 401=1587 429=36037]
  cron       ok=380 fail=0 err=0.0% p50=306ms p95=750ms p99=1243ms statuses[200=380]
  reads      ok=0 fail=18855 err=100.0% p50=55ms p95=230ms p99=532ms statuses[0=10 401=362 429=13966 503=4517]
  webhook    ok=0 fail=3778 err=100.0% p50=56ms p95=362ms p99=666ms statuses[0=1 429=597 503=3180]

[t+22741s] total=60816 rate=2.7/s
  events     ok=0 fail=37743 err=100.0% p50=55ms p95=223ms p99=521ms statuses[0=20 401=1593 429=36130]
  cron       ok=380 fail=0 err=0.0% p50=306ms p95=750ms p99=1243ms statuses[200=380]
  reads      ok=0 fail=18905 err=100.0% p50=55ms p95=230ms p99=530ms statuses[0=10 401=362 429=14006 503=4527]
  webhook    ok=0 fail=3788 err=100.0% p50=56ms p95=361ms p99=666ms statuses[0=1 429=598 503=3189]

[t+22801s] total=60976 rate=2.7/s
  events     ok=0 fail=37843 err=100.0% p50=55ms p95=223ms p99=520ms statuses[0=20 401=1597 429=36226]
  cron       ok=380 fail=0 err=0.0% p50=306ms p95=750ms p99=1243ms statuses[200=380]
  reads      ok=0 fail=18955 err=100.0% p50=55ms p95=230ms p99=530ms statuses[0=10 401=363 429=14043 503=4539]
  webhook    ok=0 fail=3798 err=100.0% p50=56ms p95=361ms p99=666ms statuses[0=1 429=599 503=3198]

[t+22861s] total=61140 rate=2.7/s
  events     ok=0 fail=37943 err=100.0% p50=55ms p95=223ms p99=519ms statuses[0=20 401=1603 429=36320]
  cron       ok=385 fail=0 err=0.0% p50=306ms p95=748ms p99=1243ms statuses[200=385]
  reads      ok=0 fail=19004 err=100.0% p50=55ms p95=230ms p99=526ms statuses[0=10 401=364 429=14081 503=4549]
  webhook    ok=0 fail=3808 err=100.0% p50=56ms p95=359ms p99=665ms statuses[0=1 429=600 503=3207]

[t+22921s] total=61299 rate=2.7/s
  events     ok=0 fail=38042 err=100.0% p50=55ms p95=223ms p99=516ms statuses[0=20 401=1607 429=36415]
  cron       ok=385 fail=0 err=0.0% p50=306ms p95=748ms p99=1243ms statuses[200=385]
  reads      ok=0 fail=19054 err=100.0% p50=55ms p95=230ms p99=530ms statuses[0=10 401=367 429=14107 503=4570]
  webhook    ok=0 fail=3818 err=100.0% p50=56ms p95=359ms p99=665ms statuses[0=1 429=601 503=3216]

[t+22981s] total=61459 rate=2.7/s
  events     ok=0 fail=38142 err=100.0% p50=55ms p95=223ms p99=515ms statuses[0=20 401=1617 429=36505]
  cron       ok=385 fail=0 err=0.0% p50=306ms p95=748ms p99=1243ms statuses[200=385]
  reads      ok=0 fail=19104 err=100.0% p50=55ms p95=230ms p99=526ms statuses[0=10 401=367 429=14139 503=4588]
  webhook    ok=0 fail=3828 err=100.0% p50=56ms p95=358ms p99=665ms statuses[0=1 429=602 503=3225]

[t+23041s] total=61619 rate=2.7/s
  events     ok=0 fail=38242 err=100.0% p50=55ms p95=223ms p99=515ms statuses[0=20 401=1623 429=36599]
  cron       ok=385 fail=0 err=0.0% p50=306ms p95=748ms p99=1243ms statuses[200=385]
  reads      ok=0 fail=19154 err=100.0% p50=55ms p95=230ms p99=530ms statuses[0=10 401=368 429=14177 503=4599]
  webhook    ok=0 fail=3838 err=100.0% p50=56ms p95=359ms p99=665ms statuses[0=1 429=603 503=3234]

[t+23101s] total=61778 rate=2.7/s
  events     ok=0 fail=38341 err=100.0% p50=55ms p95=223ms p99=515ms statuses[0=20 401=1628 429=36693]
  cron       ok=385 fail=0 err=0.0% p50=306ms p95=748ms p99=1243ms statuses[200=385]
  reads      ok=0 fail=19204 err=100.0% p50=55ms p95=230ms p99=526ms statuses[0=10 401=368 429=14215 503=4611]
  webhook    ok=0 fail=3848 err=100.0% p50=56ms p95=361ms p99=665ms statuses[0=1 429=603 503=3244]

[t+23161s] total=61943 rate=2.7/s
  events     ok=0 fail=38441 err=100.0% p50=55ms p95=223ms p99=515ms statuses[0=20 401=1631 429=36790]
  cron       ok=390 fail=0 err=0.0% p50=307ms p95=748ms p99=1243ms statuses[200=390]
  reads      ok=0 fail=19254 err=100.0% p50=55ms p95=230ms p99=526ms statuses[0=10 401=369 429=14251 503=4624]
  webhook    ok=0 fail=3858 err=100.0% p50=55ms p95=361ms p99=665ms statuses[0=1 429=604 503=3253]

[t+23221s] total=62102 rate=2.7/s
  events     ok=0 fail=38540 err=100.0% p50=55ms p95=223ms p99=514ms statuses[0=20 401=1635 429=36885]
  cron       ok=390 fail=0 err=0.0% p50=307ms p95=748ms p99=1243ms statuses[200=390]
  reads      ok=0 fail=19304 err=100.0% p50=55ms p95=230ms p99=522ms statuses[0=10 401=370 429=14290 503=4634]
  webhook    ok=0 fail=3868 err=100.0% p50=55ms p95=361ms p99=665ms statuses[0=1 429=605 503=3262]

[t+23281s] total=62262 rate=2.7/s
  events     ok=0 fail=38640 err=100.0% p50=55ms p95=223ms p99=515ms statuses[0=20 401=1645 429=36975]
  cron       ok=390 fail=0 err=0.0% p50=307ms p95=748ms p99=1243ms statuses[200=390]
  reads      ok=0 fail=19354 err=100.0% p50=55ms p95=230ms p99=522ms statuses[0=10 401=370 429=14318 503=4656]
  webhook    ok=0 fail=3878 err=100.0% p50=55ms p95=363ms p99=665ms statuses[0=1 429=606 503=3271]

[t+23341s] total=62422 rate=2.7/s
  events     ok=0 fail=38740 err=100.0% p50=55ms p95=223ms p99=515ms statuses[0=20 401=1647 429=37073]
  cron       ok=390 fail=0 err=0.0% p50=307ms p95=748ms p99=1243ms statuses[200=390]
  reads      ok=0 fail=19404 err=100.0% p50=55ms p95=230ms p99=520ms statuses[0=10 401=371 429=14354 503=4669]
  webhook    ok=0 fail=3888 err=100.0% p50=55ms p95=363ms p99=665ms statuses[0=1 429=607 503=3280]

[t+23401s] total=62581 rate=2.7/s
  events     ok=0 fail=38839 err=100.0% p50=55ms p95=223ms p99=514ms statuses[0=20 401=1650 429=37169]
  cron       ok=390 fail=0 err=0.0% p50=307ms p95=748ms p99=1243ms statuses[200=390]
  reads      ok=0 fail=19454 err=100.0% p50=55ms p95=230ms p99=520ms statuses[0=10 401=371 429=14394 503=4679]
  webhook    ok=0 fail=3898 err=100.0% p50=55ms p95=366ms p99=665ms statuses[0=1 429=608 503=3289]

[t+23461s] total=62744 rate=2.7/s
  events     ok=0 fail=38938 err=100.0% p50=55ms p95=223ms p99=515ms statuses[0=20 401=1653 429=37265]
  cron       ok=395 fail=0 err=0.0% p50=308ms p95=750ms p99=1243ms statuses[200=395]
  reads      ok=0 fail=19503 err=100.0% p50=55ms p95=230ms p99=519ms statuses[0=10 401=372 429=14432 503=4689]
  webhook    ok=0 fail=3908 err=100.0% p50=56ms p95=366ms p99=664ms statuses[0=1 429=609 503=3298]

[t+23521s] total=62904 rate=2.7/s
  events     ok=0 fail=39038 err=100.0% p50=55ms p95=223ms p99=514ms statuses[0=20 401=1659 429=37359]
  cron       ok=395 fail=0 err=0.0% p50=308ms p95=750ms p99=1243ms statuses[200=395]
  reads      ok=0 fail=19553 err=100.0% p50=55ms p95=230ms p99=519ms statuses[0=10 401=374 429=14470 503=4699]
  webhook    ok=0 fail=3918 err=100.0% p50=56ms p95=366ms p99=664ms statuses[0=1 429=610 503=3307]

[t+23581s] total=63064 rate=2.7/s
  events     ok=0 fail=39138 err=100.0% p50=55ms p95=223ms p99=513ms statuses[0=20 401=1662 429=37456]
  cron       ok=395 fail=0 err=0.0% p50=308ms p95=750ms p99=1243ms statuses[200=395]
  reads      ok=0 fail=19603 err=100.0% p50=55ms p95=230ms p99=518ms statuses[0=10 401=374 429=14510 503=4709]
  webhook    ok=0 fail=3928 err=100.0% p50=56ms p95=366ms p99=664ms statuses[0=1 429=611 503=3316]

[t+23641s] total=63223 rate=2.7/s
  events     ok=0 fail=39237 err=100.0% p50=55ms p95=223ms p99=512ms statuses[0=20 401=1665 429=37552]
  cron       ok=395 fail=0 err=0.0% p50=308ms p95=750ms p99=1243ms statuses[200=395]
  reads      ok=0 fail=19653 err=100.0% p50=55ms p95=230ms p99=518ms statuses[0=10 401=375 429=14549 503=4719]
  webhook    ok=0 fail=3938 err=100.0% p50=56ms p95=366ms p99=665ms statuses[0=1 429=612 503=3325]

[t+23701s] total=63383 rate=2.7/s
  events     ok=0 fail=39337 err=100.0% p50=55ms p95=223ms p99=512ms statuses[0=20 401=1668 429=37649]
  cron       ok=395 fail=0 err=0.0% p50=308ms p95=750ms p99=1243ms statuses[200=395]
  reads      ok=0 fail=19703 err=100.0% p50=55ms p95=230ms p99=518ms statuses[0=10 401=377 429=14585 503=4731]
  webhook    ok=0 fail=3948 err=100.0% p50=56ms p95=366ms p99=665ms statuses[0=1 429=613 503=3334]

[t+23761s] total=63546 rate=2.7/s
  events     ok=0 fail=39436 err=100.0% p50=55ms p95=223ms p99=510ms statuses[0=20 401=1671 429=37745]
  cron       ok=400 fail=0 err=0.0% p50=308ms p95=750ms p99=1243ms statuses[200=400]
  reads      ok=0 fail=19752 err=100.0% p50=55ms p95=230ms p99=518ms statuses[0=10 401=379 429=14608 503=4755]
  webhook    ok=0 fail=3958 err=100.0% p50=55ms p95=366ms p99=666ms statuses[0=1 429=614 503=3343]

[t+23821s] total=63706 rate=2.7/s
  events     ok=0 fail=39536 err=100.0% p50=54ms p95=223ms p99=510ms statuses[0=20 401=1677 429=37839]
  cron       ok=400 fail=0 err=0.0% p50=308ms p95=750ms p99=1243ms statuses[200=400]
  reads      ok=0 fail=19802 err=100.0% p50=55ms p95=230ms p99=517ms statuses[0=10 401=380 429=14643 503=4769]
  webhook    ok=0 fail=3968 err=100.0% p50=55ms p95=366ms p99=666ms statuses[0=1 429=615 503=3352]

[t+23881s] total=63866 rate=2.7/s
  events     ok=0 fail=39636 err=100.0% p50=54ms p95=223ms p99=510ms statuses[0=20 401=1681 429=37935]
  cron       ok=400 fail=0 err=0.0% p50=308ms p95=750ms p99=1243ms statuses[200=400]
  reads      ok=0 fail=19852 err=100.0% p50=55ms p95=230ms p99=517ms statuses[0=10 401=381 429=14682 503=4779]
  webhook    ok=0 fail=3978 err=100.0% p50=55ms p95=366ms p99=666ms statuses[0=1 429=616 503=3361]

[t+23941s] total=64025 rate=2.7/s
  events     ok=0 fail=39735 err=100.0% p50=54ms p95=223ms p99=509ms statuses[0=20 401=1687 429=38028]
  cron       ok=400 fail=0 err=0.0% p50=308ms p95=750ms p99=1243ms statuses[200=400]
  reads      ok=0 fail=19902 err=100.0% p50=55ms p95=230ms p99=517ms statuses[0=10 401=382 429=14720 503=4790]
  webhook    ok=0 fail=3988 err=100.0% p50=55ms p95=365ms p99=666ms statuses[0=1 429=617 503=3370]

[t+24001s] total=64184 rate=2.7/s
  events     ok=0 fail=39834 err=100.0% p50=54ms p95=223ms p99=508ms statuses[0=20 401=1690 429=38124]
  cron       ok=400 fail=0 err=0.0% p50=308ms p95=750ms p99=1243ms statuses[200=400]
  reads      ok=0 fail=19952 err=100.0% p50=55ms p95=230ms p99=517ms statuses[0=10 401=384 429=14758 503=4800]
  webhook    ok=0 fail=3998 err=100.0% p50=55ms p95=365ms p99=666ms statuses[0=1 429=618 503=3379]

[t+24061s] total=64349 rate=2.7/s
  events     ok=0 fail=39934 err=100.0% p50=54ms p95=223ms p99=508ms statuses[0=20 401=1695 429=38219]
  cron       ok=405 fail=0 err=0.0% p50=308ms p95=748ms p99=1210ms statuses[200=405]
  reads      ok=0 fail=20002 err=100.0% p50=55ms p95=230ms p99=517ms statuses[0=10 401=388 429=14781 503=4823]
  webhook    ok=0 fail=4008 err=100.0% p50=55ms p95=364ms p99=665ms statuses[0=1 429=619 503=3388]

[t+24121s] total=64509 rate=2.7/s
  events     ok=0 fail=40034 err=100.0% p50=54ms p95=223ms p99=509ms statuses[0=20 401=1697 429=38317]
  cron       ok=405 fail=0 err=0.0% p50=308ms p95=748ms p99=1210ms statuses[200=405]
  reads      ok=0 fail=20052 err=100.0% p50=55ms p95=230ms p99=517ms statuses[0=10 401=388 429=14820 503=4834]
  webhook    ok=0 fail=4018 err=100.0% p50=55ms p95=364ms p99=665ms statuses[0=1 429=620 503=3397]

[t+24181s] total=64669 rate=2.7/s
  events     ok=0 fail=40134 err=100.0% p50=54ms p95=223ms p99=509ms statuses[0=20 401=1704 429=38410]
  cron       ok=405 fail=0 err=0.0% p50=308ms p95=748ms p99=1210ms statuses[200=405]
  reads      ok=0 fail=20102 err=100.0% p50=55ms p95=230ms p99=517ms statuses[0=10 401=390 429=14857 503=4845]
  webhook    ok=0 fail=4028 err=100.0% p50=55ms p95=366ms p99=665ms statuses[0=1 429=621 503=3406]

[t+24241s] total=64828 rate=2.7/s
  events     ok=0 fail=40233 err=100.0% p50=54ms p95=223ms p99=508ms statuses[0=20 401=1708 429=38505]
  cron       ok=405 fail=0 err=0.0% p50=308ms p95=748ms p99=1210ms statuses[200=405]
  reads      ok=0 fail=20152 err=100.0% p50=55ms p95=230ms p99=517ms statuses[0=10 401=393 429=14891 503=4858]
  webhook    ok=0 fail=4038 err=100.0% p50=55ms p95=366ms p99=665ms statuses[0=1 429=622 503=3415]

[t+24301s] total=64988 rate=2.7/s
  events     ok=0 fail=40333 err=100.0% p50=54ms p95=223ms p99=509ms statuses[0=20 401=1713 429=38600]
  cron       ok=405 fail=0 err=0.0% p50=308ms p95=748ms p99=1210ms statuses[200=405]
  reads      ok=0 fail=20202 err=100.0% p50=54ms p95=230ms p99=516ms statuses[0=10 401=393 429=14930 503=4869]
  webhook    ok=0 fail=4048 err=100.0% p50=55ms p95=366ms p99=665ms statuses[0=1 429=622 503=3425]

[t+24361s] total=65151 rate=2.7/s
  events     ok=0 fail=40432 err=100.0% p50=54ms p95=224ms p99=509ms statuses[0=20 401=1716 429=38696]
  cron       ok=410 fail=0 err=0.0% p50=309ms p95=748ms p99=1210ms statuses[200=410]
  reads      ok=0 fail=20251 err=100.0% p50=54ms p95=230ms p99=517ms statuses[0=10 401=395 429=14953 503=4893]
  webhook    ok=0 fail=4058 err=100.0% p50=55ms p95=366ms p99=666ms statuses[0=1 429=623 503=3434]

[t+24421s] total=65311 rate=2.7/s
  events     ok=0 fail=40532 err=100.0% p50=54ms p95=224ms p99=510ms statuses[0=20 401=1722 429=38790]
  cron       ok=410 fail=0 err=0.0% p50=309ms p95=748ms p99=1210ms statuses[200=410]
  reads      ok=0 fail=20301 err=100.0% p50=54ms p95=230ms p99=518ms statuses[0=10 401=396 429=14990 503=4905]
  webhook    ok=0 fail=4068 err=100.0% p50=55ms p95=366ms p99=666ms statuses[0=1 429=624 503=3443]

[t+24481s] total=65471 rate=2.7/s
  events     ok=0 fail=40632 err=100.0% p50=54ms p95=224ms p99=510ms statuses[0=20 401=1725 429=38887]
  cron       ok=410 fail=0 err=0.0% p50=309ms p95=748ms p99=1210ms statuses[200=410]
  reads      ok=0 fail=20351 err=100.0% p50=54ms p95=230ms p99=518ms statuses[0=10 401=397 429=15028 503=4916]
  webhook    ok=0 fail=4078 err=100.0% p50=55ms p95=366ms p99=666ms statuses[0=1 429=625 503=3452]

[t+24541s] total=65630 rate=2.7/s
  events     ok=0 fail=40731 err=100.0% p50=54ms p95=224ms p99=510ms statuses[0=20 401=1730 429=38981]
  cron       ok=410 fail=0 err=0.0% p50=309ms p95=748ms p99=1210ms statuses[200=410]
  reads      ok=0 fail=20401 err=100.0% p50=54ms p95=230ms p99=518ms statuses[0=10 401=397 429=15066 503=4928]
  webhook    ok=0 fail=4088 err=100.0% p50=55ms p95=366ms p99=666ms statuses[0=1 429=626 503=3461]

[t+24601s] total=65790 rate=2.7/s
  events     ok=0 fail=40831 err=100.0% p50=54ms p95=224ms p99=509ms statuses[0=20 401=1734 429=39077]
  cron       ok=410 fail=0 err=0.0% p50=309ms p95=748ms p99=1210ms statuses[200=410]
  reads      ok=0 fail=20451 err=100.0% p50=54ms p95=230ms p99=518ms statuses[0=10 401=400 429=15102 503=4939]
  webhook    ok=0 fail=4098 err=100.0% p50=55ms p95=366ms p99=666ms statuses[0=1 429=627 503=3470]

[t+24661s] total=65954 rate=2.7/s
  events     ok=0 fail=40930 err=100.0% p50=54ms p95=224ms p99=509ms statuses[0=20 401=1740 429=39170]
  cron       ok=415 fail=0 err=0.0% p50=309ms p95=748ms p99=1210ms statuses[200=415]
  reads      ok=0 fail=20501 err=100.0% p50=54ms p95=230ms p99=517ms statuses[0=10 401=400 429=15138 503=4953]
  webhook    ok=0 fail=4108 err=100.0% p50=55ms p95=366ms p99=665ms statuses[0=1 429=628 503=3479]

[t+24721s] total=66114 rate=2.7/s
  events     ok=0 fail=41030 err=100.0% p50=54ms p95=224ms p99=508ms statuses[0=20 401=1744 429=39266]
  cron       ok=415 fail=0 err=0.0% p50=309ms p95=748ms p99=1210ms statuses[200=415]
  reads      ok=0 fail=20551 err=100.0% p50=54ms p95=230ms p99=517ms statuses[0=10 401=400 429=15178 503=4963]
  webhook    ok=0 fail=4118 err=100.0% p50=55ms p95=366ms p99=665ms statuses[0=1 429=629 503=3488]

[t+24781s] total=66272 rate=2.7/s
  events     ok=0 fail=41129 err=100.0% p50=54ms p95=224ms p99=508ms statuses[0=20 401=1747 429=39362]
  cron       ok=415 fail=0 err=0.0% p50=309ms p95=748ms p99=1210ms statuses[200=415]
  reads      ok=0 fail=20600 err=100.0% p50=54ms p95=230ms p99=517ms statuses[0=10 401=401 429=15216 503=4973]
  webhook    ok=0 fail=4128 err=100.0% p50=55ms p95=366ms p99=665ms statuses[0=1 429=630 503=3497]

[t+24841s] total=66433 rate=2.7/s
  events     ok=0 fail=41229 err=100.0% p50=54ms p95=224ms p99=507ms statuses[0=20 401=1755 429=39454]
  cron       ok=415 fail=0 err=0.0% p50=309ms p95=748ms p99=1210ms statuses[200=415]
  reads      ok=0 fail=20651 err=100.0% p50=54ms p95=230ms p99=517ms statuses[0=10 401=401 429=15257 503=4983]
  webhook    ok=0 fail=4138 err=100.0% p50=55ms p95=366ms p99=665ms statuses[0=1 429=631 503=3506]

[t+24901s] total=66592 rate=2.7/s
  events     ok=0 fail=41329 err=100.0% p50=54ms p95=224ms p99=507ms statuses[0=20 401=1759 429=39550]
  cron       ok=415 fail=0 err=0.0% p50=309ms p95=748ms p99=1210ms statuses[200=415]
  reads      ok=0 fail=20700 err=100.0% p50=54ms p95=230ms p99=517ms statuses[0=10 401=402 429=15294 503=4994]
  webhook    ok=0 fail=4148 err=100.0% p50=55ms p95=366ms p99=665ms statuses[0=1 429=631 503=3516]

[t+24961s] total=66756 rate=2.7/s
  events     ok=0 fail=41428 err=100.0% p50=54ms p95=224ms p99=506ms statuses[0=20 401=1762 429=39646]
  cron       ok=420 fail=0 err=0.0% p50=309ms p95=748ms p99=1210ms statuses[200=420]
  reads      ok=0 fail=20750 err=100.0% p50=54ms p95=230ms p99=516ms statuses[0=10 401=405 429=15329 503=5006]
  webhook    ok=0 fail=4158 err=100.0% p50=55ms p95=366ms p99=665ms statuses[0=1 429=631 503=3526]

[t+25021s] total=66916 rate=2.7/s
  events     ok=0 fail=41528 err=100.0% p50=54ms p95=224ms p99=506ms statuses[0=20 401=1766 429=39742]
  cron       ok=420 fail=0 err=0.0% p50=309ms p95=748ms p99=1210ms statuses[200=420]
  reads      ok=0 fail=20800 err=100.0% p50=54ms p95=230ms p99=516ms statuses[0=10 401=406 429=15367 503=5017]
  webhook    ok=0 fail=4168 err=100.0% p50=55ms p95=366ms p99=665ms statuses[0=1 429=632 503=3535]

[t+25081s] total=67076 rate=2.7/s
  events     ok=0 fail=41628 err=100.0% p50=54ms p95=224ms p99=505ms statuses[0=20 401=1772 429=39836]
  cron       ok=420 fail=0 err=0.0% p50=309ms p95=748ms p99=1210ms statuses[200=420]
  reads      ok=0 fail=20850 err=100.0% p50=54ms p95=229ms p99=511ms statuses[0=10 401=407 429=15406 503=5027]
  webhook    ok=0 fail=4178 err=100.0% p50=55ms p95=366ms p99=665ms statuses[0=1 429=633 503=3544]

[t+25141s] total=67235 rate=2.7/s
  events     ok=0 fail=41727 err=100.0% p50=54ms p95=224ms p99=505ms statuses[0=20 401=1777 429=39930]
  cron       ok=420 fail=0 err=0.0% p50=309ms p95=748ms p99=1210ms statuses[200=420]
  reads      ok=0 fail=20900 err=100.0% p50=54ms p95=229ms p99=511ms statuses[0=10 401=408 429=15445 503=5037]
  webhook    ok=0 fail=4188 err=100.0% p50=55ms p95=366ms p99=665ms statuses[0=1 429=633 503=3554]

[t+25201s] total=67395 rate=2.7/s
  events     ok=0 fail=41827 err=100.0% p50=54ms p95=224ms p99=506ms statuses[0=20 401=1783 429=40024]
  cron       ok=420 fail=0 err=0.0% p50=309ms p95=748ms p99=1210ms statuses[200=420]
  reads      ok=0 fail=20950 err=100.0% p50=54ms p95=229ms p99=511ms statuses[0=10 401=408 429=15484 503=5048]
  webhook    ok=0 fail=4198 err=100.0% p50=55ms p95=366ms p99=665ms statuses[0=1 429=635 503=3562]

[t+25261s] total=67557 rate=2.7/s
  events     ok=0 fail=41925 err=100.0% p50=54ms p95=223ms p99=505ms statuses[0=20 401=1787 429=40118]
  cron       ok=425 fail=0 err=0.0% p50=308ms p95=748ms p99=1210ms statuses[200=425]
  reads      ok=0 fail=20999 err=100.0% p50=54ms p95=229ms p99=511ms statuses[0=10 401=408 429=15523 503=5058]
  webhook    ok=0 fail=4208 err=100.0% p50=55ms p95=366ms p99=664ms statuses[0=1 429=636 503=3571]

[t+25321s] total=67717 rate=2.7/s
  events     ok=0 fail=42025 err=100.0% p50=54ms p95=223ms p99=505ms statuses[0=20 401=1790 429=40215]
  cron       ok=425 fail=0 err=0.0% p50=308ms p95=748ms p99=1210ms statuses[200=425]
  reads      ok=0 fail=21049 err=100.0% p50=54ms p95=229ms p99=510ms statuses[0=10 401=409 429=15562 503=5068]
  webhook    ok=0 fail=4218 err=100.0% p50=55ms p95=366ms p99=664ms statuses[0=1 429=637 503=3580]

[t+25381s] total=67877 rate=2.7/s
  events     ok=0 fail=42125 err=100.0% p50=54ms p95=224ms p99=507ms statuses[0=20 401=1793 429=40312]
  cron       ok=425 fail=0 err=0.0% p50=308ms p95=748ms p99=1210ms statuses[200=425]
  reads      ok=0 fail=21099 err=100.0% p50=54ms p95=229ms p99=516ms statuses[0=10 401=409 429=15602 503=5078]
  webhook    ok=0 fail=4228 err=100.0% p50=55ms p95=366ms p99=664ms statuses[0=1 429=638 503=3589]

[t+25441s] total=68036 rate=2.7/s
  events     ok=0 fail=42224 err=100.0% p50=54ms p95=225ms p99=546ms statuses[0=20 401=1799 429=40405]
  cron       ok=425 fail=0 err=0.0% p50=308ms p95=748ms p99=1210ms statuses[200=425]
  reads      ok=0 fail=21149 err=100.0% p50=54ms p95=232ms p99=565ms statuses[0=10 401=410 429=15640 503=5089]
  webhook    ok=0 fail=4238 err=100.0% p50=55ms p95=367ms p99=681ms statuses[0=1 429=639 503=3598]

[t+25501s] total=68196 rate=2.7/s
  events     ok=0 fail=42324 err=100.0% p50=54ms p95=225ms p99=543ms statuses[0=20 401=1802 429=40502]
  cron       ok=425 fail=0 err=0.0% p50=308ms p95=748ms p99=1210ms statuses[200=425]
  reads      ok=0 fail=21199 err=100.0% p50=54ms p95=232ms p99=565ms statuses[0=10 401=411 429=15679 503=5099]
  webhook    ok=0 fail=4248 err=100.0% p50=55ms p95=366ms p99=681ms statuses[0=1 429=640 503=3607]

[t+25561s] total=68361 rate=2.7/s
  events     ok=0 fail=42424 err=100.0% p50=54ms p95=225ms p99=543ms statuses[0=20 401=1805 429=40599]
  cron       ok=430 fail=0 err=0.0% p50=309ms p95=748ms p99=1210ms statuses[200=430]
  reads      ok=0 fail=21249 err=100.0% p50=54ms p95=232ms p99=565ms statuses[0=10 401=411 429=15719 503=5109]
  webhook    ok=0 fail=4258 err=100.0% p50=55ms p95=366ms p99=681ms statuses[0=1 429=641 503=3616]

[t+25621s] total=68519 rate=2.7/s
  events     ok=0 fail=42523 err=100.0% p50=54ms p95=225ms p99=543ms statuses[0=20 401=1813 429=40690]
  cron       ok=430 fail=0 err=0.0% p50=309ms p95=748ms p99=1210ms statuses[200=430]
  reads      ok=0 fail=21298 err=100.0% p50=55ms p95=231ms p99=565ms statuses[0=10 401=412 429=15757 503=5119]
  webhook    ok=0 fail=4268 err=100.0% p50=55ms p95=366ms p99=681ms statuses[0=1 429=642 503=3625]

[t+25681s] total=68679 rate=2.7/s
  events     ok=0 fail=42623 err=100.0% p50=54ms p95=225ms p99=542ms statuses[0=20 401=1816 429=40787]
  cron       ok=430 fail=0 err=0.0% p50=309ms p95=748ms p99=1210ms statuses[200=430]
  reads      ok=0 fail=21348 err=100.0% p50=55ms p95=231ms p99=564ms statuses[0=10 401=413 429=15796 503=5129]
  webhook    ok=0 fail=4278 err=100.0% p50=55ms p95=366ms p99=681ms statuses[0=1 429=643 503=3634]

[t+25741s] total=68838 rate=2.7/s
  events     ok=0 fail=42722 err=100.0% p50=54ms p95=225ms p99=542ms statuses[0=20 401=1820 429=40882]
  cron       ok=430 fail=0 err=0.0% p50=309ms p95=748ms p99=1210ms statuses[200=430]
  reads      ok=0 fail=21398 err=100.0% p50=55ms p95=231ms p99=564ms statuses[0=10 401=413 429=15836 503=5139]
  webhook    ok=0 fail=4288 err=100.0% p50=55ms p95=366ms p99=681ms statuses[0=1 429=644 503=3643]

[t+25801s] total=68998 rate=2.7/s
  events     ok=0 fail=42822 err=100.0% p50=54ms p95=225ms p99=541ms statuses[0=20 401=1823 429=40979]
  cron       ok=430 fail=0 err=0.0% p50=309ms p95=748ms p99=1210ms statuses[200=430]
  reads      ok=0 fail=21448 err=100.0% p50=55ms p95=231ms p99=563ms statuses[0=10 401=414 429=15875 503=5149]
  webhook    ok=0 fail=4298 err=100.0% p50=55ms p95=366ms p99=681ms statuses[0=1 429=645 503=3652]

[t+25861s] total=69163 rate=2.7/s
  events     ok=0 fail=42922 err=100.0% p50=54ms p95=225ms p99=539ms statuses[0=20 401=1826 429=41076]
  cron       ok=435 fail=0 err=0.0% p50=308ms p95=748ms p99=1210ms statuses[200=435]
  reads      ok=0 fail=21498 err=100.0% p50=55ms p95=231ms p99=563ms statuses[0=10 401=415 429=15914 503=5159]
  webhook    ok=0 fail=4308 err=100.0% p50=55ms p95=366ms p99=680ms statuses[0=1 429=646 503=3661]

[t+25921s] total=69322 rate=2.7/s
  events     ok=0 fail=43021 err=100.0% p50=54ms p95=225ms p99=539ms statuses[0=20 401=1830 429=41171]
  cron       ok=435 fail=0 err=0.0% p50=308ms p95=748ms p99=1210ms statuses[200=435]
  reads      ok=0 fail=21548 err=100.0% p50=55ms p95=230ms p99=562ms statuses[0=10 401=416 429=15953 503=5169]
  webhook    ok=0 fail=4318 err=100.0% p50=55ms p95=366ms p99=680ms statuses[0=1 429=647 503=3670]

[t+25981s] total=69482 rate=2.7/s
  events     ok=0 fail=43121 err=100.0% p50=55ms p95=225ms p99=543ms statuses[0=20 401=1833 429=41268]
  cron       ok=435 fail=0 err=0.0% p50=308ms p95=748ms p99=1210ms statuses[200=435]
  reads      ok=0 fail=21598 err=100.0% p50=55ms p95=231ms p99=564ms statuses[0=10 401=416 429=15993 503=5179]
  webhook    ok=0 fail=4328 err=100.0% p50=55ms p95=366ms p99=680ms statuses[0=1 429=648 503=3679]

[t+26041s] total=69641 rate=2.7/s
  events     ok=0 fail=43220 err=100.0% p50=55ms p95=225ms p99=542ms statuses[0=20 401=1836 429=41364]
  cron       ok=435 fail=0 err=0.0% p50=308ms p95=748ms p99=1210ms statuses[200=435]
  reads      ok=0 fail=21648 err=100.0% p50=55ms p95=230ms p99=563ms statuses[0=10 401=417 429=16032 503=5189]
  webhook    ok=0 fail=4338 err=100.0% p50=55ms p95=366ms p99=680ms statuses[0=1 429=649 503=3688]

[t+26101s] total=69801 rate=2.7/s
  events     ok=0 fail=43320 err=100.0% p50=55ms p95=225ms p99=542ms statuses[0=20 401=1839 429=41461]
  cron       ok=435 fail=0 err=0.0% p50=308ms p95=748ms p99=1210ms statuses[200=435]
  reads      ok=0 fail=21698 err=100.0% p50=55ms p95=230ms p99=563ms statuses[0=10 401=418 429=16071 503=5199]
  webhook    ok=0 fail=4348 err=100.0% p50=55ms p95=366ms p99=681ms statuses[0=1 429=649 503=3698]

[t+26161s] total=69965 rate=2.7/s
  events     ok=0 fail=43420 err=100.0% p50=55ms p95=225ms p99=541ms statuses[0=20 401=1842 429=41558]
  cron       ok=440 fail=0 err=0.0% p50=309ms p95=748ms p99=1210ms statuses[200=440]
  reads      ok=0 fail=21747 err=100.0% p50=55ms p95=230ms p99=562ms statuses[0=10 401=418 429=16110 503=5209]
  webhook    ok=0 fail=4358 err=100.0% p50=55ms p95=366ms p99=681ms statuses[0=1 429=650 503=3707]

[t+26221s] total=70124 rate=2.7/s
  events     ok=0 fail=43519 err=100.0% p50=55ms p95=224ms p99=539ms statuses[0=20 401=1845 429=41654]
  cron       ok=440 fail=0 err=0.0% p50=309ms p95=748ms p99=1210ms statuses[200=440]
  reads      ok=0 fail=21797 err=100.0% p50=55ms p95=230ms p99=562ms statuses[0=10 401=419 429=16149 503=5219]
  webhook    ok=0 fail=4368 err=100.0% p50=55ms p95=366ms p99=681ms statuses[0=1 429=651 503=3716]

[t+26281s] total=70284 rate=2.7/s
  events     ok=0 fail=43619 err=100.0% p50=55ms p95=224ms p99=539ms statuses[0=20 401=1848 429=41751]
  cron       ok=440 fail=0 err=0.0% p50=309ms p95=748ms p99=1210ms statuses[200=440]
  reads      ok=0 fail=21847 err=100.0% p50=55ms p95=230ms p99=553ms statuses[0=10 401=420 429=16188 503=5229]
  webhook    ok=0 fail=4378 err=100.0% p50=55ms p95=366ms p99=681ms statuses[0=1 429=652 503=3725]

[t+26341s] total=70444 rate=2.7/s
  events     ok=0 fail=43719 err=100.0% p50=55ms p95=224ms p99=538ms statuses[0=20 401=1852 429=41847]
  cron       ok=440 fail=0 err=0.0% p50=309ms p95=748ms p99=1210ms statuses[200=440]
  reads      ok=0 fail=21897 err=100.0% p50=55ms p95=230ms p99=553ms statuses[0=10 401=420 429=16228 503=5239]
  webhook    ok=0 fail=4388 err=100.0% p50=55ms p95=366ms p99=681ms statuses[0=1 429=653 503=3734]

[t+26401s] total=70603 rate=2.7/s
  events     ok=0 fail=43818 err=100.0% p50=55ms p95=224ms p99=538ms statuses[0=20 401=1855 429=41943]
  cron       ok=440 fail=0 err=0.0% p50=309ms p95=748ms p99=1210ms statuses[200=440]
  reads      ok=0 fail=21947 err=100.0% p50=55ms p95=230ms p99=547ms statuses[0=10 401=421 429=16267 503=5249]
  webhook    ok=0 fail=4398 err=100.0% p50=55ms p95=366ms p99=681ms statuses[0=1 429=654 503=3743]

[t+26461s] total=70768 rate=2.7/s
  events     ok=0 fail=43918 err=100.0% p50=55ms p95=224ms p99=537ms statuses[0=20 401=1858 429=42040]
  cron       ok=445 fail=0 err=0.0% p50=310ms p95=746ms p99=1210ms statuses[200=445]
  reads      ok=0 fail=21997 err=100.0% p50=55ms p95=230ms p99=547ms statuses[0=10 401=422 429=16306 503=5259]
  webhook    ok=0 fail=4408 err=100.0% p50=55ms p95=365ms p99=680ms statuses[0=1 429=655 503=3752]

[t+26521s] total=70927 rate=2.7/s
  events     ok=0 fail=44017 err=100.0% p50=55ms p95=224ms p99=537ms statuses[0=20 401=1861 429=42136]
  cron       ok=445 fail=0 err=0.0% p50=310ms p95=746ms p99=1210ms statuses[200=445]
  reads      ok=0 fail=22047 err=100.0% p50=55ms p95=230ms p99=546ms statuses[0=10 401=422 429=16346 503=5269]
  webhook    ok=0 fail=4418 err=100.0% p50=55ms p95=365ms p99=680ms statuses[0=1 429=656 503=3761]

[t+26581s] total=71087 rate=2.7/s
  events     ok=0 fail=44117 err=100.0% p50=55ms p95=224ms p99=537ms statuses[0=20 401=1864 429=42233]
  cron       ok=445 fail=0 err=0.0% p50=310ms p95=746ms p99=1210ms statuses[200=445]
  reads      ok=0 fail=22097 err=100.0% p50=55ms p95=230ms p99=546ms statuses[0=10 401=423 429=16385 503=5279]
  webhook    ok=0 fail=4428 err=100.0% p50=55ms p95=364ms p99=680ms statuses[0=1 429=657 503=3770]

[t+26641s] total=71247 rate=2.7/s
  events     ok=0 fail=44217 err=100.0% p50=55ms p95=224ms p99=535ms statuses[0=20 401=1867 429=42330]
  cron       ok=445 fail=0 err=0.0% p50=310ms p95=746ms p99=1210ms statuses[200=445]
  reads      ok=0 fail=22147 err=100.0% p50=55ms p95=229ms p99=546ms statuses[0=10 401=424 429=16424 503=5289]
  webhook    ok=0 fail=4438 err=100.0% p50=55ms p95=364ms p99=680ms statuses[0=1 429=658 503=3779]

[t+26701s] total=71406 rate=2.7/s
  events     ok=0 fail=44316 err=100.0% p50=55ms p95=224ms p99=534ms statuses[0=20 401=1870 429=42426]
  cron       ok=445 fail=0 err=0.0% p50=310ms p95=746ms p99=1210ms statuses[200=445]
  reads      ok=0 fail=22197 err=100.0% p50=55ms p95=229ms p99=546ms statuses[0=10 401=424 429=16464 503=5299]
  webhook    ok=0 fail=4448 err=100.0% p50=55ms p95=363ms p99=680ms statuses[0=1 429=659 503=3788]

[t+26761s] total=71571 rate=2.7/s
  events     ok=0 fail=44416 err=100.0% p50=55ms p95=224ms p99=534ms statuses[0=20 401=1873 429=42523]
  cron       ok=450 fail=0 err=0.0% p50=310ms p95=746ms p99=1210ms statuses[200=450]
  reads      ok=0 fail=22247 err=100.0% p50=55ms p95=229ms p99=544ms statuses[0=10 401=425 429=16503 503=5309]
  webhook    ok=0 fail=4458 err=100.0% p50=55ms p95=363ms p99=680ms statuses[0=1 429=660 503=3797]

[t+26821s] total=71729 rate=2.7/s
  events     ok=0 fail=44515 err=100.0% p50=55ms p95=224ms p99=534ms statuses[0=20 401=1876 429=42619]
  cron       ok=450 fail=0 err=0.0% p50=310ms p95=746ms p99=1210ms statuses[200=450]
  reads      ok=0 fail=22296 err=100.0% p50=55ms p95=229ms p99=546ms statuses[0=10 401=426 429=16541 503=5319]
  webhook    ok=0 fail=4468 err=100.0% p50=55ms p95=363ms p99=680ms statuses[0=1 429=661 503=3806]

[t+26881s] total=71889 rate=2.7/s
  events     ok=0 fail=44615 err=100.0% p50=55ms p95=224ms p99=534ms statuses[0=20 401=1879 429=42716]
  cron       ok=450 fail=0 err=0.0% p50=310ms p95=746ms p99=1210ms statuses[200=450]
  reads      ok=0 fail=22346 err=100.0% p50=55ms p95=229ms p99=544ms statuses[0=10 401=426 429=16581 503=5329]
  webhook    ok=0 fail=4478 err=100.0% p50=55ms p95=363ms p99=680ms statuses[0=1 429=662 503=3815]

[t+26941s] total=72049 rate=2.7/s
  events     ok=0 fail=44715 err=100.0% p50=55ms p95=224ms p99=533ms statuses[0=20 401=1883 429=42812]
  cron       ok=450 fail=0 err=0.0% p50=310ms p95=746ms p99=1210ms statuses[200=450]
  reads      ok=0 fail=22396 err=100.0% p50=55ms p95=229ms p99=544ms statuses[0=10 401=427 429=16620 503=5339]
  webhook    ok=0 fail=4488 err=100.0% p50=55ms p95=363ms p99=680ms statuses[0=1 429=663 503=3824]

[t+27001s] total=72208 rate=2.7/s
  events     ok=0 fail=44814 err=100.0% p50=55ms p95=224ms p99=530ms statuses[0=20 401=1886 429=42908]
  cron       ok=450 fail=0 err=0.0% p50=310ms p95=746ms p99=1210ms statuses[200=450]
  reads      ok=0 fail=22446 err=100.0% p50=55ms p95=229ms p99=540ms statuses[0=10 401=428 429=16659 503=5349]
  webhook    ok=0 fail=4498 err=100.0% p50=55ms p95=364ms p99=681ms statuses[0=1 429=664 503=3833]

[t+27061s] total=72371 rate=2.7/s
  events     ok=0 fail=44913 err=100.0% p50=55ms p95=223ms p99=530ms statuses[0=20 401=1889 429=43004]
  cron       ok=455 fail=0 err=0.0% p50=310ms p95=748ms p99=1210ms statuses[200=455]
  reads      ok=0 fail=22495 err=100.0% p50=55ms p95=229ms p99=540ms statuses[0=10 401=428 429=16698 503=5359]
  webhook    ok=0 fail=4508 err=100.0% p50=55ms p95=363ms p99=680ms statuses[0=1 429=665 503=3842]

[t+27121s] total=72530 rate=2.7/s
  events     ok=0 fail=45012 err=100.0% p50=55ms p95=223ms p99=529ms statuses[0=20 401=1892 429=43100]
  cron       ok=455 fail=0 err=0.0% p50=310ms p95=748ms p99=1210ms statuses[200=455]
  reads      ok=0 fail=22545 err=100.0% p50=55ms p95=229ms p99=537ms statuses[0=10 401=429 429=16737 503=5369]
  webhook    ok=0 fail=4518 err=100.0% p50=55ms p95=363ms p99=680ms statuses[0=1 429=666 503=3851]

[t+27181s] total=72690 rate=2.7/s
  events     ok=0 fail=45112 err=100.0% p50=55ms p95=223ms p99=529ms statuses[0=20 401=1896 429=43196]
  cron       ok=455 fail=0 err=0.0% p50=310ms p95=748ms p99=1210ms statuses[200=455]
  reads      ok=0 fail=22595 err=100.0% p50=55ms p95=229ms p99=540ms statuses[0=10 401=429 429=16776 503=5380]
  webhook    ok=0 fail=4528 err=100.0% p50=55ms p95=363ms p99=680ms statuses[0=1 429=667 503=3860]

[t+27241s] total=72849 rate=2.7/s
  events     ok=0 fail=45211 err=100.0% p50=55ms p95=223ms p99=528ms statuses[0=20 401=1899 429=43292]
  cron       ok=455 fail=0 err=0.0% p50=310ms p95=748ms p99=1210ms statuses[200=455]
  reads      ok=0 fail=22645 err=100.0% p50=55ms p95=229ms p99=537ms statuses[0=10 401=430 429=16815 503=5390]
  webhook    ok=0 fail=4538 err=100.0% p50=55ms p95=363ms p99=680ms statuses[0=1 429=668 503=3869]

[t+27301s] total=73009 rate=2.7/s
  events     ok=0 fail=45311 err=100.0% p50=55ms p95=223ms p99=528ms statuses[0=20 401=1902 429=43389]
  cron       ok=455 fail=0 err=0.0% p50=310ms p95=748ms p99=1210ms statuses[200=455]
  reads      ok=0 fail=22695 err=100.0% p50=55ms p95=229ms p99=537ms statuses[0=10 401=432 429=16852 503=5401]
  webhook    ok=0 fail=4548 err=100.0% p50=55ms p95=362ms p99=680ms statuses[0=1 429=669 503=3878]

[t+27361s] total=73174 rate=2.7/s
  events     ok=0 fail=45411 err=100.0% p50=55ms p95=223ms p99=528ms statuses[0=20 401=1905 429=43486]
  cron       ok=460 fail=0 err=0.0% p50=310ms p95=748ms p99=1210ms statuses[200=460]
  reads      ok=0 fail=22745 err=100.0% p50=55ms p95=229ms p99=534ms statuses[0=10 401=432 429=16892 503=5411]
  webhook    ok=0 fail=4558 err=100.0% p50=55ms p95=362ms p99=680ms statuses[0=1 429=670 503=3887]

[t+27421s] total=73333 rate=2.7/s
  events     ok=0 fail=45510 err=100.0% p50=55ms p95=223ms p99=528ms statuses[0=20 401=1908 429=43582]
  cron       ok=460 fail=0 err=0.0% p50=310ms p95=748ms p99=1210ms statuses[200=460]
  reads      ok=0 fail=22795 err=100.0% p50=55ms p95=229ms p99=534ms statuses[0=10 401=433 429=16931 503=5421]
  webhook    ok=0 fail=4568 err=100.0% p50=55ms p95=362ms p99=680ms statuses[0=1 429=671 503=3896]

[t+27481s] total=73492 rate=2.7/s
  events     ok=0 fail=45610 err=100.0% p50=55ms p95=223ms p99=526ms statuses[0=20 401=1911 429=43679]
  cron       ok=460 fail=0 err=0.0% p50=310ms p95=748ms p99=1210ms statuses[200=460]
  reads      ok=0 fail=22844 err=100.0% p50=55ms p95=229ms p99=533ms statuses[0=10 401=434 429=16969 503=5431]
  webhook    ok=0 fail=4578 err=100.0% p50=55ms p95=362ms p99=680ms statuses[0=1 429=672 503=3905]

[t+27541s] total=73651 rate=2.7/s
  events     ok=0 fail=45709 err=100.0% p50=55ms p95=223ms p99=526ms statuses[0=20 401=1915 429=43774]
  cron       ok=460 fail=0 err=0.0% p50=310ms p95=748ms p99=1210ms statuses[200=460]
  reads      ok=0 fail=22894 err=100.0% p50=55ms p95=229ms p99=534ms statuses[0=10 401=434 429=17009 503=5441]
  webhook    ok=0 fail=4588 err=100.0% p50=55ms p95=361ms p99=680ms statuses[0=1 429=673 503=3914]

[t+27601s] total=73811 rate=2.7/s
  events     ok=0 fail=45809 err=100.0% p50=55ms p95=223ms p99=523ms statuses[0=20 401=1920 429=43869]
  cron       ok=460 fail=0 err=0.0% p50=310ms p95=748ms p99=1210ms statuses[200=460]
  reads      ok=0 fail=22944 err=100.0% p50=55ms p95=229ms p99=533ms statuses[0=10 401=434 429=17049 503=5451]
  webhook    ok=0 fail=4598 err=100.0% p50=55ms p95=361ms p99=680ms statuses[0=1 429=674 503=3923]

[t+27661s] total=73976 rate=2.7/s
  events     ok=0 fail=45909 err=100.0% p50=55ms p95=223ms p99=523ms statuses[0=20 401=1925 429=43964]
  cron       ok=465 fail=0 err=0.0% p50=310ms p95=746ms p99=1210ms statuses[200=465]
  reads      ok=0 fail=22994 err=100.0% p50=55ms p95=229ms p99=534ms statuses[0=10 401=438 429=17077 503=5469]
  webhook    ok=0 fail=4608 err=100.0% p50=55ms p95=359ms p99=666ms statuses[0=1 429=675 503=3932]

[t+27721s] total=74135 rate=2.7/s
  events     ok=0 fail=46008 err=100.0% p50=55ms p95=223ms p99=522ms statuses[0=20 401=1933 429=44055]
  cron       ok=465 fail=0 err=0.0% p50=310ms p95=746ms p99=1210ms statuses[200=465]
  reads      ok=0 fail=23044 err=100.0% p50=55ms p95=229ms p99=534ms statuses[0=10 401=439 429=17107 503=5488]
  webhook    ok=0 fail=4618 err=100.0% p50=55ms p95=361ms p99=666ms statuses[0=1 429=675 503=3942]

[t+27781s] total=74294 rate=2.7/s
  events     ok=0 fail=46107 err=100.0% p50=55ms p95=223ms p99=521ms statuses[0=20 401=1936 429=44151]
  cron       ok=465 fail=0 err=0.0% p50=310ms p95=746ms p99=1210ms statuses[200=465]
  reads      ok=0 fail=23094 err=100.0% p50=55ms p95=229ms p99=534ms statuses[0=10 401=439 429=17147 503=5498]
  webhook    ok=0 fail=4628 err=100.0% p50=55ms p95=362ms p99=666ms statuses[0=1 429=676 503=3951]

[t+27841s] total=74455 rate=2.7/s
  events     ok=0 fail=46208 err=100.0% p50=55ms p95=223ms p99=521ms statuses[0=20 401=1939 429=44249]
  cron       ok=465 fail=0 err=0.0% p50=310ms p95=746ms p99=1210ms statuses[200=465]
  reads      ok=0 fail=23144 err=100.0% p50=55ms p95=229ms p99=533ms statuses[0=10 401=440 429=17186 503=5508]
  webhook    ok=0 fail=4638 err=100.0% p50=55ms p95=363ms p99=666ms statuses[0=1 429=677 503=3960]

[t+27901s] total=74614 rate=2.7/s
  events     ok=0 fail=46307 err=100.0% p50=55ms p95=223ms p99=520ms statuses[0=20 401=1942 429=44345]
  cron       ok=465 fail=0 err=0.0% p50=310ms p95=746ms p99=1210ms statuses[200=465]
  reads      ok=0 fail=23194 err=100.0% p50=55ms p95=229ms p99=533ms statuses[0=10 401=441 429=17225 503=5518]
  webhook    ok=0 fail=4648 err=100.0% p50=55ms p95=363ms p99=680ms statuses[0=1 429=678 503=3969]

[t+27961s] total=74779 rate=2.7/s
  events     ok=0 fail=46407 err=100.0% p50=55ms p95=223ms p99=520ms statuses[0=20 401=1946 429=44441]
  cron       ok=470 fail=0 err=0.0% p50=310ms p95=746ms p99=1210ms statuses[200=470]
  reads      ok=0 fail=23244 err=100.0% p50=55ms p95=229ms p99=532ms statuses[0=10 401=441 429=17265 503=5528]
  webhook    ok=0 fail=4658 err=100.0% p50=55ms p95=363ms p99=680ms statuses[0=1 429=679 503=3978]

[t+28021s] total=74937 rate=2.7/s
  events     ok=0 fail=46506 err=100.0% p50=55ms p95=223ms p99=519ms statuses[0=20 401=1949 429=44537]
  cron       ok=470 fail=0 err=0.0% p50=310ms p95=746ms p99=1210ms statuses[200=470]
  reads      ok=0 fail=23293 err=100.0% p50=55ms p95=229ms p99=532ms statuses[0=10 401=442 429=17303 503=5538]
  webhook    ok=0 fail=4668 err=100.0% p50=55ms p95=363ms p99=680ms statuses[0=1 429=680 503=3987]

[t+28081s] total=75097 rate=2.7/s
  events     ok=0 fail=46606 err=100.0% p50=55ms p95=223ms p99=519ms statuses[0=20 401=1952 429=44634]
  cron       ok=470 fail=0 err=0.0% p50=310ms p95=746ms p99=1210ms statuses[200=470]
  reads      ok=0 fail=23343 err=100.0% p50=55ms p95=229ms p99=530ms statuses[0=10 401=443 429=17342 503=5548]
  webhook    ok=0 fail=4678 err=100.0% p50=55ms p95=363ms p99=680ms statuses[0=1 429=681 503=3996]

[t+28141s] total=75257 rate=2.7/s
  events     ok=0 fail=46706 err=100.0% p50=55ms p95=223ms p99=516ms statuses[0=20 401=1955 429=44731]
  cron       ok=470 fail=0 err=0.0% p50=310ms p95=746ms p99=1210ms statuses[200=470]
  reads      ok=0 fail=23393 err=100.0% p50=55ms p95=229ms p99=530ms statuses[0=10 401=443 429=17382 503=5558]
  webhook    ok=0 fail=4688 err=100.0% p50=55ms p95=363ms p99=680ms statuses[0=1 429=682 503=4005]

[t+28201s] total=75416 rate=2.7/s
  events     ok=0 fail=46805 err=100.0% p50=55ms p95=223ms p99=516ms statuses[0=20 401=1958 429=44827]
  cron       ok=470 fail=0 err=0.0% p50=310ms p95=746ms p99=1210ms statuses[200=470]
  reads      ok=0 fail=23443 err=100.0% p50=55ms p95=229ms p99=526ms statuses[0=10 401=444 429=17421 503=5568]
  webhook    ok=0 fail=4698 err=100.0% p50=55ms p95=363ms p99=680ms statuses[0=1 429=683 503=4014]

[t+28261s] total=75581 rate=2.7/s
  events     ok=0 fail=46905 err=100.0% p50=55ms p95=222ms p99=515ms statuses[0=20 401=1961 429=44924]
  cron       ok=475 fail=0 err=0.0% p50=310ms p95=746ms p99=1210ms statuses[200=475]
  reads      ok=0 fail=23493 err=100.0% p50=55ms p95=229ms p99=526ms statuses[0=10 401=445 429=17460 503=5578]
  webhook    ok=0 fail=4708 err=100.0% p50=55ms p95=363ms p99=666ms statuses[0=1 429=684 503=4023]

[t+28321s] total=75740 rate=2.7/s
  events     ok=0 fail=47004 err=100.0% p50=55ms p95=222ms p99=515ms statuses[0=20 401=1964 429=45020]
  cron       ok=475 fail=0 err=0.0% p50=310ms p95=746ms p99=1210ms statuses[200=475]
  reads      ok=0 fail=23543 err=100.0% p50=55ms p95=229ms p99=522ms statuses[0=10 401=445 429=17500 503=5588]
  webhook    ok=0 fail=4718 err=100.0% p50=56ms p95=363ms p99=666ms statuses[0=1 429=685 503=4032]

[t+28381s] total=75900 rate=2.7/s
  events     ok=0 fail=47104 err=100.0% p50=55ms p95=222ms p99=515ms statuses[0=20 401=1968 429=45116]
  cron       ok=475 fail=0 err=0.0% p50=310ms p95=746ms p99=1210ms statuses[200=475]
  reads      ok=0 fail=23593 err=100.0% p50=55ms p95=229ms p99=522ms statuses[0=10 401=446 429=17539 503=5598]
  webhook    ok=0 fail=4728 err=100.0% p50=55ms p95=363ms p99=666ms statuses[0=1 429=686 503=4041]

[t+28442s] total=76060 rate=2.7/s
  events     ok=0 fail=47204 err=100.0% p50=55ms p95=222ms p99=515ms statuses[0=20 401=1971 429=45213]
  cron       ok=475 fail=0 err=0.0% p50=310ms p95=746ms p99=1210ms statuses[200=475]
  reads      ok=0 fail=23643 err=100.0% p50=55ms p95=229ms p99=522ms statuses[0=10 401=447 429=17578 503=5608]
  webhook    ok=0 fail=4738 err=100.0% p50=56ms p95=363ms p99=666ms statuses[0=1 429=687 503=4050]

[t+28502s] total=76219 rate=2.7/s
  events     ok=0 fail=47303 err=100.0% p50=55ms p95=222ms p99=515ms statuses[0=20 401=1975 429=45308]
  cron       ok=475 fail=0 err=0.0% p50=310ms p95=746ms p99=1210ms statuses[200=475]
  reads      ok=0 fail=23693 err=100.0% p50=55ms p95=229ms p99=522ms statuses[0=10 401=447 429=17615 503=5621]
  webhook    ok=0 fail=4748 err=100.0% p50=56ms p95=363ms p99=666ms statuses[0=1 429=688 503=4059]

[t+28562s] total=76384 rate=2.7/s
  events     ok=0 fail=47403 err=100.0% p50=55ms p95=222ms p99=514ms statuses[0=20 401=1981 429=45402]
  cron       ok=480 fail=0 err=0.0% p50=310ms p95=746ms p99=1210ms statuses[200=480]
  reads      ok=0 fail=23743 err=100.0% p50=55ms p95=229ms p99=520ms statuses[0=10 401=448 429=17653 503=5632]
  webhook    ok=0 fail=4758 err=100.0% p50=56ms p95=363ms p99=666ms statuses[0=1 429=689 503=4068]

[t+28622s] total=76542 rate=2.7/s
  events     ok=0 fail=47502 err=100.0% p50=55ms p95=222ms p99=513ms statuses[0=20 401=1984 429=45498]
  cron       ok=480 fail=0 err=0.0% p50=310ms p95=746ms p99=1210ms statuses[200=480]
  reads      ok=0 fail=23792 err=100.0% p50=55ms p95=228ms p99=520ms statuses[0=10 401=449 429=17691 503=5642]
  webhook    ok=0 fail=4768 err=100.0% p50=56ms p95=362ms p99=666ms statuses[0=1 429=690 503=4077]

[t+28682s] total=76702 rate=2.7/s
  events     ok=0 fail=47602 err=100.0% p50=55ms p95=222ms p99=512ms statuses[0=20 401=1988 429=45594]
  cron       ok=480 fail=0 err=0.0% p50=310ms p95=746ms p99=1210ms statuses[200=480]
  reads      ok=0 fail=23842 err=100.0% p50=55ms p95=228ms p99=520ms statuses[0=10 401=449 429=17731 503=5652]
  webhook    ok=0 fail=4778 err=100.0% p50=56ms p95=362ms p99=666ms statuses[0=1 429=691 503=4086]

[t+28742s] total=76862 rate=2.7/s
  events     ok=0 fail=47702 err=100.0% p50=55ms p95=222ms p99=512ms statuses[0=20 401=1992 429=45690]
  cron       ok=480 fail=0 err=0.0% p50=310ms p95=746ms p99=1210ms statuses[200=480]
  reads      ok=0 fail=23892 err=100.0% p50=55ms p95=228ms p99=520ms statuses[0=10 401=450 429=17770 503=5662]
  webhook    ok=0 fail=4788 err=100.0% p50=56ms p95=362ms p99=666ms statuses[0=1 429=692 503=4095]

[t+28802s] total=77021 rate=2.7/s
  events     ok=0 fail=47801 err=100.0% p50=55ms p95=222ms p99=512ms statuses[0=20 401=1995 429=45786]
  cron       ok=480 fail=0 err=0.0% p50=310ms p95=746ms p99=1210ms statuses[200=480]
  reads      ok=0 fail=23942 err=100.0% p50=55ms p95=228ms p99=519ms statuses[0=10 401=451 429=17809 503=5672]
  webhook    ok=0 fail=4798 err=100.0% p50=56ms p95=362ms p99=666ms statuses[0=1 429=693 503=4104]

[t+28862s] total=77185 rate=2.7/s
  events     ok=0 fail=47900 err=100.0% p50=55ms p95=222ms p99=512ms statuses[0=20 401=2001 429=45879]
  cron       ok=485 fail=0 err=0.0% p50=311ms p95=746ms p99=1210ms statuses[200=485]
  reads      ok=0 fail=23992 err=100.0% p50=55ms p95=228ms p99=519ms statuses[0=10 401=452 429=17842 503=5688]
  webhook    ok=0 fail=4808 err=100.0% p50=56ms p95=361ms p99=665ms statuses[0=1 429=694 503=4113]

[t+28922s] total=77344 rate=2.7/s
  events     ok=0 fail=48000 err=100.0% p50=55ms p95=222ms p99=512ms statuses[0=20 401=2004 429=45976]
  cron       ok=485 fail=0 err=0.0% p50=311ms p95=746ms p99=1210ms statuses[200=485]
  reads      ok=0 fail=24041 err=100.0% p50=55ms p95=228ms p99=518ms statuses[0=10 401=453 429=17880 503=5698]
  webhook    ok=0 fail=4818 err=100.0% p50=56ms p95=361ms p99=665ms statuses[0=1 429=695 503=4122]

[t+28982s] total=77504 rate=2.7/s
  events     ok=0 fail=48100 err=100.0% p50=55ms p95=222ms p99=510ms statuses[0=20 401=2008 429=46072]
  cron       ok=485 fail=0 err=0.0% p50=311ms p95=746ms p99=1210ms statuses[200=485]
  reads      ok=0 fail=24091 err=100.0% p50=55ms p95=228ms p99=518ms statuses[0=10 401=453 429=17920 503=5708]
  webhook    ok=0 fail=4828 err=100.0% p50=56ms p95=359ms p99=665ms statuses[0=1 429=696 503=4131]

[t+29042s] total=77663 rate=2.7/s
  events     ok=0 fail=48199 err=100.0% p50=55ms p95=222ms p99=510ms statuses[0=20 401=2013 429=46166]
  cron       ok=485 fail=0 err=0.0% p50=311ms p95=746ms p99=1210ms statuses[200=485]
  reads      ok=0 fail=24141 err=100.0% p50=55ms p95=228ms p99=517ms statuses[0=10 401=453 429=17959 503=5719]
  webhook    ok=0 fail=4838 err=100.0% p50=56ms p95=359ms p99=665ms statuses[0=1 429=697 503=4140]

[t+29102s] total=77823 rate=2.7/s
  events     ok=0 fail=48299 err=100.0% p50=55ms p95=222ms p99=509ms statuses[0=20 401=2016 429=46263]
  cron       ok=485 fail=0 err=0.0% p50=311ms p95=746ms p99=1210ms statuses[200=485]
  reads      ok=0 fail=24191 err=100.0% p50=55ms p95=228ms p99=517ms statuses[0=10 401=454 429=17998 503=5729]
  webhook    ok=0 fail=4848 err=100.0% p50=56ms p95=359ms p99=665ms statuses[0=1 429=698 503=4149]

[t+29162s] total=77988 rate=2.7/s
  events     ok=0 fail=48399 err=100.0% p50=55ms p95=222ms p99=508ms statuses[0=20 401=2019 429=46360]
  cron       ok=490 fail=0 err=0.0% p50=310ms p95=746ms p99=1210ms statuses[200=490]
  reads      ok=0 fail=24241 err=100.0% p50=55ms p95=228ms p99=517ms statuses[0=10 401=455 429=18025 503=5751]
  webhook    ok=0 fail=4858 err=100.0% p50=56ms p95=359ms p99=665ms statuses[0=1 429=698 503=4159]

[t+29222s] total=78147 rate=2.7/s
  events     ok=0 fail=48498 err=100.0% p50=55ms p95=222ms p99=508ms statuses[0=20 401=2025 429=46453]
  cron       ok=490 fail=0 err=0.0% p50=310ms p95=746ms p99=1210ms statuses[200=490]
  reads      ok=0 fail=24291 err=100.0% p50=55ms p95=228ms p99=517ms statuses[0=10 401=456 429=18054 503=5771]
  webhook    ok=0 fail=4868 err=100.0% p50=56ms p95=359ms p99=665ms statuses[0=1 429=699 503=4168]

[t+29282s] total=78307 rate=2.7/s
  events     ok=0 fail=48598 err=100.0% p50=55ms p95=221ms p99=507ms statuses[0=20 401=2027 429=46551]
  cron       ok=490 fail=0 err=0.0% p50=310ms p95=746ms p99=1210ms statuses[200=490]
  reads      ok=0 fail=24341 err=100.0% p50=55ms p95=227ms p99=516ms statuses[0=10 401=457 429=18093 503=5781]
  webhook    ok=0 fail=4878 err=100.0% p50=56ms p95=359ms p99=665ms statuses[0=1 429=700 503=4177]

[t+29342s] total=78466 rate=2.7/s
  events     ok=0 fail=48697 err=100.0% p50=55ms p95=221ms p99=507ms statuses[0=20 401=2029 429=46648]
  cron       ok=490 fail=0 err=0.0% p50=310ms p95=746ms p99=1210ms statuses[200=490]
  reads      ok=0 fail=24391 err=100.0% p50=55ms p95=227ms p99=517ms statuses[0=10 401=458 429=18132 503=5791]
  webhook    ok=0 fail=4888 err=100.0% p50=56ms p95=358ms p99=665ms statuses[0=1 429=701 503=4186]

[t+29402s] total=78626 rate=2.7/s
  events     ok=0 fail=48797 err=100.0% p50=55ms p95=221ms p99=506ms statuses[0=20 401=2033 429=46744]
  cron       ok=490 fail=0 err=0.0% p50=310ms p95=746ms p99=1210ms statuses[200=490]
  reads      ok=0 fail=24441 err=100.0% p50=55ms p95=227ms p99=516ms statuses[0=10 401=458 429=18171 503=5802]
  webhook    ok=0 fail=4898 err=100.0% p50=56ms p95=358ms p99=665ms statuses[0=1 429=702 503=4195]

[t+29462s] total=78790 rate=2.7/s
  events     ok=0 fail=48897 err=100.0% p50=55ms p95=221ms p99=506ms statuses[0=20 401=2035 429=46842]
  cron       ok=495 fail=0 err=0.0% p50=311ms p95=746ms p99=1210ms statuses[200=495]
  reads      ok=0 fail=24490 err=100.0% p50=55ms p95=227ms p99=516ms statuses[0=10 401=459 429=18209 503=5812]
  webhook    ok=0 fail=4908 err=100.0% p50=56ms p95=358ms p99=664ms statuses[0=1 429=703 503=4204]

[t+29522s] total=78949 rate=2.7/s
  events     ok=0 fail=48996 err=100.0% p50=55ms p95=221ms p99=505ms statuses[0=20 401=2038 429=46938]
  cron       ok=495 fail=0 err=0.0% p50=311ms p95=746ms p99=1210ms statuses[200=495]
  reads      ok=0 fail=24540 err=100.0% p50=55ms p95=227ms p99=511ms statuses[0=10 401=460 429=18249 503=5821]
  webhook    ok=0 fail=4918 err=100.0% p50=56ms p95=358ms p99=664ms statuses[0=1 429=704 503=4213]

[t+29582s] total=79109 rate=2.7/s
  events     ok=0 fail=49096 err=100.0% p50=55ms p95=221ms p99=505ms statuses[0=20 401=2041 429=47035]
  cron       ok=495 fail=0 err=0.0% p50=311ms p95=746ms p99=1210ms statuses[200=495]
  reads      ok=0 fail=24590 err=100.0% p50=55ms p95=227ms p99=511ms statuses[0=10 401=461 429=18286 503=5833]
  webhook    ok=0 fail=4928 err=100.0% p50=56ms p95=358ms p99=664ms statuses[0=1 429=705 503=4222]

[t+29642s] total=79269 rate=2.7/s
  events     ok=0 fail=49196 err=100.0% p50=55ms p95=221ms p99=504ms statuses[0=20 401=2043 429=47133]
  cron       ok=495 fail=0 err=0.0% p50=311ms p95=746ms p99=1210ms statuses[200=495]
  reads      ok=0 fail=24640 err=100.0% p50=55ms p95=227ms p99=511ms statuses[0=10 401=462 429=18324 503=5844]
  webhook    ok=0 fail=4938 err=100.0% p50=56ms p95=358ms p99=664ms statuses[0=1 429=706 503=4231]

[t+29702s] total=79428 rate=2.7/s
  events     ok=0 fail=49295 err=100.0% p50=55ms p95=221ms p99=504ms statuses[0=20 401=2046 429=47229]
  cron       ok=495 fail=0 err=0.0% p50=311ms p95=746ms p99=1210ms statuses[200=495]
  reads      ok=0 fail=24690 err=100.0% p50=55ms p95=227ms p99=511ms statuses[0=10 401=463 429=18363 503=5854]
  webhook    ok=0 fail=4948 err=100.0% p50=56ms p95=358ms p99=664ms statuses[0=1 429=708 503=4239]

[t+29762s] total=79593 rate=2.7/s
  events     ok=0 fail=49395 err=100.0% p50=55ms p95=221ms p99=503ms statuses[0=20 401=2050 429=47325]
  cron       ok=500 fail=0 err=0.0% p50=312ms p95=746ms p99=1210ms statuses[200=500]
  reads      ok=0 fail=24740 err=100.0% p50=55ms p95=227ms p99=510ms statuses[0=10 401=464 429=18401 503=5865]
  webhook    ok=0 fail=4958 err=100.0% p50=56ms p95=358ms p99=664ms statuses[0=1 429=710 503=4247]

[t+29822s] total=79752 rate=2.7/s
  events     ok=0 fail=49494 err=100.0% p50=55ms p95=221ms p99=503ms statuses[0=20 401=2053 429=47421]
  cron       ok=500 fail=0 err=0.0% p50=312ms p95=746ms p99=1210ms statuses[200=500]
  reads      ok=0 fail=24790 err=100.0% p50=55ms p95=227ms p99=510ms statuses[0=10 401=465 429=18439 503=5876]
  webhook    ok=0 fail=4968 err=100.0% p50=56ms p95=357ms p99=664ms statuses[0=1 429=712 503=4255]

[t+29882s] total=79912 rate=2.7/s
  events     ok=0 fail=49594 err=100.0% p50=55ms p95=221ms p99=502ms statuses[0=20 401=2056 429=47518]
  cron       ok=500 fail=0 err=0.0% p50=312ms p95=746ms p99=1210ms statuses[200=500]
  reads      ok=0 fail=24840 err=100.0% p50=55ms p95=227ms p99=510ms statuses[0=10 401=466 429=18478 503=5886]
  webhook    ok=0 fail=4978 err=100.0% p50=56ms p95=357ms p99=664ms statuses[0=1 429=714 503=4263]

[t+29942s] total=80072 rate=2.7/s
  events     ok=0 fail=49694 err=100.0% p50=55ms p95=221ms p99=502ms statuses[0=20 401=2059 429=47615]
  cron       ok=500 fail=0 err=0.0% p50=312ms p95=746ms p99=1210ms statuses[200=500]
  reads      ok=0 fail=24890 err=100.0% p50=55ms p95=227ms p99=510ms statuses[0=10 401=466 429=18517 503=5897]
  webhook    ok=0 fail=4988 err=100.0% p50=56ms p95=357ms p99=664ms statuses[0=1 429=716 503=4271]

[t+30002s] total=80231 rate=2.7/s
  events     ok=0 fail=49793 err=100.0% p50=55ms p95=221ms p99=501ms statuses[0=20 401=2063 429=47710]
  cron       ok=500 fail=0 err=0.0% p50=312ms p95=746ms p99=1210ms statuses[200=500]
  reads      ok=0 fail=24940 err=100.0% p50=55ms p95=227ms p99=510ms statuses[0=10 401=467 429=18556 503=5907]
  webhook    ok=0 fail=4998 err=100.0% p50=56ms p95=357ms p99=664ms statuses[0=1 429=718 503=4279]

[t+30062s] total=80395 rate=2.7/s
  events     ok=0 fail=49893 err=100.0% p50=55ms p95=221ms p99=501ms statuses[0=20 401=2068 429=47805]
  cron       ok=505 fail=0 err=0.0% p50=312ms p95=740ms p99=1206ms statuses[200=505]
  reads      ok=0 fail=24989 err=100.0% p50=55ms p95=227ms p99=510ms statuses[0=10 401=468 429=18594 503=5917]
  webhook    ok=0 fail=5008 err=100.0% p50=56ms p95=357ms p99=664ms statuses[0=1 429=720 503=4287]

[t+30122s] total=80554 rate=2.7/s
  events     ok=0 fail=49992 err=100.0% p50=55ms p95=221ms p99=504ms statuses[0=20 401=2073 429=47899]
  cron       ok=505 fail=0 err=0.0% p50=312ms p95=740ms p99=1206ms statuses[200=505]
  reads      ok=0 fail=25039 err=100.0% p50=55ms p95=227ms p99=511ms statuses[0=10 401=471 429=18626 503=5932]
  webhook    ok=0 fail=5018 err=100.0% p50=56ms p95=359ms p99=676ms statuses[0=1 429=721 503=4296]

[t+30182s] total=80714 rate=2.7/s
  events     ok=0 fail=50092 err=100.0% p50=55ms p95=222ms p99=507ms statuses[0=20 401=2077 429=47995]
  cron       ok=505 fail=0 err=0.0% p50=312ms p95=740ms p99=1206ms statuses[200=505]
  reads      ok=0 fail=25089 err=100.0% p50=55ms p95=227ms p99=519ms statuses[0=10 401=471 429=18665 503=5943]
  webhook    ok=0 fail=5028 err=100.0% p50=56ms p95=358ms p99=676ms statuses[0=1 429=723 503=4304]

[t+30242s] total=80874 rate=2.7/s
  events     ok=0 fail=50192 err=100.0% p50=55ms p95=222ms p99=506ms statuses[0=20 401=2081 429=48091]
  cron       ok=505 fail=0 err=0.0% p50=312ms p95=740ms p99=1206ms statuses[200=505]
  reads      ok=0 fail=25139 err=100.0% p50=55ms p95=227ms p99=518ms statuses[0=10 401=471 429=18705 503=5953]
  webhook    ok=0 fail=5038 err=100.0% p50=56ms p95=358ms p99=676ms statuses[0=1 429=725 503=4312]

[t+30302s] total=81033 rate=2.7/s
  events     ok=0 fail=50291 err=100.0% p50=55ms p95=222ms p99=506ms statuses[0=20 401=2084 429=48187]
  cron       ok=505 fail=0 err=0.0% p50=312ms p95=740ms p99=1206ms statuses[200=505]
  reads      ok=0 fail=25189 err=100.0% p50=55ms p95=227ms p99=518ms statuses[0=10 401=472 429=18744 503=5963]
  webhook    ok=0 fail=5048 err=100.0% p50=56ms p95=358ms p99=676ms statuses[0=1 429=727 503=4320]

[t+30362s] total=81198 rate=2.7/s
  events     ok=0 fail=50391 err=100.0% p50=55ms p95=222ms p99=505ms statuses[0=20 401=2088 429=48283]
  cron       ok=510 fail=0 err=0.0% p50=312ms p95=740ms p99=1206ms statuses[200=510]
  reads      ok=0 fail=25239 err=100.0% p50=55ms p95=227ms p99=518ms statuses[0=10 401=473 429=18783 503=5973]
  webhook    ok=0 fail=5058 err=100.0% p50=56ms p95=358ms p99=676ms statuses[0=1 429=729 503=4328]

[t+30422s] total=81357 rate=2.7/s
  events     ok=0 fail=50490 err=100.0% p50=55ms p95=222ms p99=505ms statuses[0=20 401=2091 429=48379]
  cron       ok=510 fail=0 err=0.0% p50=312ms p95=740ms p99=1206ms statuses[200=510]
  reads      ok=0 fail=25289 err=100.0% p50=55ms p95=227ms p99=519ms statuses[0=10 401=473 429=18823 503=5983]
  webhook    ok=0 fail=5068 err=100.0% p50=56ms p95=358ms p99=676ms statuses[0=1 429=731 503=4336]

[t+30482s] total=81517 rate=2.7/s
  events     ok=0 fail=50590 err=100.0% p50=55ms p95=221ms p99=505ms statuses[0=20 401=2094 429=48476]
  cron       ok=510 fail=0 err=0.0% p50=312ms p95=740ms p99=1206ms statuses[200=510]
  reads      ok=0 fail=25339 err=100.0% p50=55ms p95=227ms p99=518ms statuses[0=10 401=474 429=18862 503=5993]
  webhook    ok=0 fail=5078 err=100.0% p50=56ms p95=358ms p99=676ms statuses[0=1 429=733 503=4344]

[t+30542s] total=81677 rate=2.7/s
  events     ok=0 fail=50690 err=100.0% p50=55ms p95=222ms p99=505ms statuses[0=20 401=2097 429=48573]
  cron       ok=510 fail=0 err=0.0% p50=312ms p95=740ms p99=1206ms statuses[200=510]
  reads      ok=0 fail=25389 err=100.0% p50=55ms p95=227ms p99=518ms statuses[0=10 401=475 429=18901 503=6003]
  webhook    ok=0 fail=5088 err=100.0% p50=56ms p95=357ms p99=676ms statuses[0=1 429=735 503=4352]

[t+30602s] total=81836 rate=2.7/s
  events     ok=0 fail=50789 err=100.0% p50=55ms p95=221ms p99=504ms statuses[0=20 401=2100 429=48669]
  cron       ok=510 fail=0 err=0.0% p50=312ms p95=740ms p99=1206ms statuses[200=510]
  reads      ok=0 fail=25439 err=100.0% p50=55ms p95=227ms p99=517ms statuses[0=10 401=475 429=18940 503=6014]
  webhook    ok=0 fail=5098 err=100.0% p50=56ms p95=357ms p99=676ms statuses[0=1 429=737 503=4360]

[t+30662s] total=81999 rate=2.7/s
  events     ok=0 fail=50888 err=100.0% p50=55ms p95=222ms p99=504ms statuses[0=20 401=2103 429=48765]
  cron       ok=515 fail=0 err=0.0% p50=312ms p95=746ms p99=1206ms statuses[200=515]
  reads      ok=0 fail=25488 err=100.0% p50=55ms p95=227ms p99=517ms statuses[0=10 401=476 429=18978 503=6024]
  webhook    ok=0 fail=5108 err=100.0% p50=56ms p95=357ms p99=666ms statuses[0=1 429=739 503=4368]

[t+30722s] total=82159 rate=2.7/s
  events     ok=0 fail=50988 err=100.0% p50=55ms p95=221ms p99=504ms statuses[0=20 401=2106 429=48862]
  cron       ok=515 fail=0 err=0.0% p50=312ms p95=746ms p99=1206ms statuses[200=515]
  reads      ok=0 fail=25538 err=100.0% p50=55ms p95=227ms p99=517ms statuses[0=10 401=477 429=19017 503=6034]
  webhook    ok=0 fail=5118 err=100.0% p50=56ms p95=357ms p99=666ms statuses[0=1 429=741 503=4376]

[t+30782s] total=82318 rate=2.7/s
  events     ok=0 fail=51087 err=100.0% p50=55ms p95=221ms p99=504ms statuses[0=20 401=2109 429=48958]
  cron       ok=515 fail=0 err=0.0% p50=312ms p95=746ms p99=1206ms statuses[200=515]
  reads      ok=0 fail=25588 err=100.0% p50=55ms p95=227ms p99=517ms statuses[0=10 401=477 429=19057 503=6044]
  webhook    ok=0 fail=5128 err=100.0% p50=56ms p95=357ms p99=666ms statuses[0=1 429=743 503=4384]

[t+30842s] total=82478 rate=2.7/s
  events     ok=0 fail=51187 err=100.0% p50=55ms p95=221ms p99=504ms statuses[0=20 401=2112 429=49055]
  cron       ok=515 fail=0 err=0.0% p50=312ms p95=746ms p99=1206ms statuses[200=515]
  reads      ok=0 fail=25638 err=100.0% p50=55ms p95=227ms p99=516ms statuses[0=10 401=478 429=19096 503=6054]
  webhook    ok=0 fail=5138 err=100.0% p50=56ms p95=357ms p99=666ms statuses[0=1 429=745 503=4392]

[t+30902s] total=82638 rate=2.7/s
  events     ok=0 fail=51287 err=100.0% p50=55ms p95=221ms p99=503ms statuses[0=20 401=2115 429=49152]
  cron       ok=515 fail=0 err=0.0% p50=312ms p95=746ms p99=1206ms statuses[200=515]
  reads      ok=0 fail=25688 err=100.0% p50=55ms p95=227ms p99=516ms statuses[0=10 401=479 429=19134 503=6065]
  webhook    ok=0 fail=5148 err=100.0% p50=56ms p95=357ms p99=666ms statuses[0=1 429=747 503=4400]

[t+30962s] total=82801 rate=2.7/s
  events     ok=0 fail=51386 err=100.0% p50=55ms p95=221ms p99=503ms statuses[0=20 401=2118 429=49248]
  cron       ok=520 fail=0 err=0.0% p50=312ms p95=746ms p99=1206ms statuses[200=520]
  reads      ok=0 fail=25737 err=100.0% p50=55ms p95=227ms p99=511ms statuses[0=10 401=479 429=19172 503=6076]
  webhook    ok=0 fail=5158 err=100.0% p50=56ms p95=357ms p99=666ms statuses[0=1 429=749 503=4408]

[t+31022s] total=82961 rate=2.7/s
  events     ok=0 fail=51486 err=100.0% p50=55ms p95=221ms p99=503ms statuses[0=20 401=2121 429=49345]
  cron       ok=520 fail=0 err=0.0% p50=312ms p95=746ms p99=1206ms statuses[200=520]
  reads      ok=0 fail=25787 err=100.0% p50=55ms p95=227ms p99=511ms statuses[0=10 401=480 429=19211 503=6086]
  webhook    ok=0 fail=5168 err=100.0% p50=56ms p95=357ms p99=666ms statuses[0=1 429=751 503=4416]

[t+31082s] total=83120 rate=2.7/s
  events     ok=0 fail=51585 err=100.0% p50=55ms p95=221ms p99=502ms statuses[0=20 401=2124 429=49441]
  cron       ok=520 fail=0 err=0.0% p50=312ms p95=746ms p99=1206ms statuses[200=520]
  reads      ok=0 fail=25837 err=100.0% p50=55ms p95=227ms p99=511ms statuses[0=10 401=481 429=19250 503=6096]
  webhook    ok=0 fail=5178 err=100.0% p50=56ms p95=357ms p99=666ms statuses[0=1 429=753 503=4424]

[t+31142s] total=83280 rate=2.7/s
  events     ok=0 fail=51685 err=100.0% p50=55ms p95=221ms p99=502ms statuses[0=20 401=2127 429=49538]
  cron       ok=520 fail=0 err=0.0% p50=312ms p95=746ms p99=1206ms statuses[200=520]
  reads      ok=0 fail=25887 err=100.0% p50=55ms p95=227ms p99=511ms statuses[0=10 401=481 429=19289 503=6107]
  webhook    ok=0 fail=5188 err=100.0% p50=56ms p95=356ms p99=666ms statuses[0=1 429=755 503=4432]

[t+31202s] total=83440 rate=2.7/s
  events     ok=0 fail=51785 err=100.0% p50=55ms p95=221ms p99=502ms statuses[0=20 401=2130 429=49635]
  cron       ok=520 fail=0 err=0.0% p50=312ms p95=746ms p99=1206ms statuses[200=520]
  reads      ok=0 fail=25937 err=100.0% p50=55ms p95=227ms p99=510ms statuses[0=10 401=482 429=19328 503=6117]
  webhook    ok=0 fail=5198 err=100.0% p50=56ms p95=356ms p99=666ms statuses[0=1 429=757 503=4440]

[t+31262s] total=83604 rate=2.7/s
  events     ok=0 fail=51884 err=100.0% p50=55ms p95=221ms p99=501ms statuses[0=20 401=2133 429=49731]
  cron       ok=525 fail=0 err=0.0% p50=312ms p95=740ms p99=1206ms statuses[200=525]
  reads      ok=0 fail=25987 err=100.0% p50=55ms p95=227ms p99=510ms statuses[0=10 401=483 429=19367 503=6127]
  webhook    ok=0 fail=5208 err=100.0% p50=56ms p95=356ms p99=665ms statuses[0=1 429=759 503=4448]

[t+31322s] total=83764 rate=2.7/s
  events     ok=0 fail=51984 err=100.0% p50=55ms p95=221ms p99=500ms statuses[0=20 401=2138 429=49826]
  cron       ok=525 fail=0 err=0.0% p50=312ms p95=740ms p99=1206ms statuses[200=525]
  reads      ok=0 fail=26037 err=100.0% p50=55ms p95=227ms p99=510ms statuses[0=10 401=483 429=19406 503=6138]
  webhook    ok=0 fail=5218 err=100.0% p50=56ms p95=356ms p99=665ms statuses[0=1 429=761 503=4456]

[t+31382s] total=83923 rate=2.7/s
  events     ok=0 fail=52083 err=100.0% p50=55ms p95=221ms p99=499ms statuses[0=20 401=2141 429=49922]
  cron       ok=525 fail=0 err=0.0% p50=312ms p95=740ms p99=1206ms statuses[200=525]
  reads      ok=0 fail=26087 err=100.0% p50=55ms p95=227ms p99=510ms statuses[0=10 401=484 429=19445 503=6148]
  webhook    ok=0 fail=5228 err=100.0% p50=56ms p95=356ms p99=665ms statuses[0=1 429=763 503=4464]

[t+31442s] total=84083 rate=2.7/s
  events     ok=0 fail=52183 err=100.0% p50=55ms p95=220ms p99=499ms statuses[0=20 401=2144 429=50019]
  cron       ok=525 fail=0 err=0.0% p50=312ms p95=740ms p99=1206ms statuses[200=525]
  reads      ok=0 fail=26137 err=100.0% p50=55ms p95=227ms p99=510ms statuses[0=10 401=485 429=19484 503=6158]
  webhook    ok=0 fail=5238 err=100.0% p50=56ms p95=356ms p99=665ms statuses[0=1 429=765 503=4472]

[t+31502s] total=84242 rate=2.7/s
  events     ok=0 fail=52283 err=100.0% p50=55ms p95=220ms p99=499ms statuses[0=20 401=2147 429=50116]
  cron       ok=525 fail=0 err=0.0% p50=312ms p95=740ms p99=1206ms statuses[200=525]
  reads      ok=0 fail=26186 err=100.0% p50=55ms p95=227ms p99=510ms statuses[0=10 401=485 429=19522 503=6169]
  webhook    ok=0 fail=5248 err=100.0% p50=56ms p95=354ms p99=665ms statuses[0=1 429=767 503=4480]

[t+31562s] total=84406 rate=2.7/s
  events     ok=0 fail=52382 err=100.0% p50=55ms p95=220ms p99=499ms statuses[0=20 401=2152 429=50210]
  cron       ok=530 fail=0 err=0.0% p50=312ms p95=740ms p99=1206ms statuses[200=530]
  reads      ok=0 fail=26236 err=100.0% p50=55ms p95=227ms p99=510ms statuses[0=10 401=486 429=19561 503=6179]
  webhook    ok=0 fail=5258 err=100.0% p50=56ms p95=354ms p99=665ms statuses[0=1 429=769 503=4488]

[t+31622s] total=84566 rate=2.7/s
  events     ok=0 fail=52482 err=100.0% p50=55ms p95=220ms p99=498ms statuses[0=20 401=2157 429=50305]
  cron       ok=530 fail=0 err=0.0% p50=312ms p95=740ms p99=1206ms statuses[200=530]
  reads      ok=0 fail=26286 err=100.0% p50=55ms p95=227ms p99=510ms statuses[0=10 401=487 429=19600 503=6189]
  webhook    ok=0 fail=5268 err=100.0% p50=56ms p95=353ms p99=665ms statuses[0=1 429=771 503=4496]

[t+31682s] total=84725 rate=2.7/s
  events     ok=0 fail=52581 err=100.0% p50=55ms p95=220ms p99=498ms statuses[0=20 401=2160 429=50401]
  cron       ok=530 fail=0 err=0.0% p50=312ms p95=740ms p99=1206ms statuses[200=530]
  reads      ok=0 fail=26336 err=100.0% p50=55ms p95=227ms p99=509ms statuses[0=10 401=487 429=19639 503=6200]
  webhook    ok=0 fail=5278 err=100.0% p50=56ms p95=353ms p99=665ms statuses[0=1 429=773 503=4504]

[t+31742s] total=84885 rate=2.7/s
  events     ok=0 fail=52681 err=100.0% p50=55ms p95=220ms p99=498ms statuses[0=20 401=2163 429=50498]
  cron       ok=530 fail=0 err=0.0% p50=312ms p95=740ms p99=1206ms statuses[200=530]
  reads      ok=0 fail=26386 err=100.0% p50=55ms p95=227ms p99=509ms statuses[0=10 401=488 429=19678 503=6210]
  webhook    ok=0 fail=5288 err=100.0% p50=56ms p95=353ms p99=665ms statuses[0=1 429=775 503=4512]

[t+31802s] total=85045 rate=2.7/s
  events     ok=0 fail=52781 err=100.0% p50=55ms p95=220ms p99=498ms statuses[0=20 401=2166 429=50595]
  cron       ok=530 fail=0 err=0.0% p50=312ms p95=740ms p99=1206ms statuses[200=530]
  reads      ok=0 fail=26436 err=100.0% p50=55ms p95=227ms p99=508ms statuses[0=10 401=490 429=19716 503=6220]
  webhook    ok=0 fail=5298 err=100.0% p50=56ms p95=354ms p99=665ms statuses[0=1 429=777 503=4520]

[t+31862s] total=85209 rate=2.7/s
  events     ok=0 fail=52880 err=100.0% p50=55ms p95=220ms p99=498ms statuses[0=20 401=2169 429=50691]
  cron       ok=535 fail=0 err=0.0% p50=312ms p95=740ms p99=1206ms statuses[200=535]
  reads      ok=0 fail=26486 err=100.0% p50=55ms p95=227ms p99=508ms statuses[0=10 401=490 429=19755 503=6231]
  webhook    ok=0 fail=5308 err=100.0% p50=56ms p95=353ms p99=664ms statuses[0=1 429=779 503=4528]

[t+31922s] total=85369 rate=2.7/s
  events     ok=0 fail=52980 err=100.0% p50=55ms p95=220ms p99=497ms statuses[0=20 401=2172 429=50788]
  cron       ok=535 fail=0 err=0.0% p50=312ms p95=740ms p99=1206ms statuses[200=535]
  reads      ok=0 fail=26536 err=100.0% p50=55ms p95=227ms p99=508ms statuses[0=10 401=491 429=19794 503=6241]
  webhook    ok=0 fail=5318 err=100.0% p50=56ms p95=353ms p99=664ms statuses[0=1 429=781 503=4536]

[t+31982s] total=85528 rate=2.7/s
  events     ok=0 fail=53079 err=100.0% p50=55ms p95=220ms p99=497ms statuses[0=20 401=2175 429=50884]
  cron       ok=535 fail=0 err=0.0% p50=312ms p95=740ms p99=1206ms statuses[200=535]
  reads      ok=0 fail=26586 err=100.0% p50=55ms p95=227ms p99=508ms statuses[0=10 401=492 429=19833 503=6251]
  webhook    ok=0 fail=5328 err=100.0% p50=56ms p95=354ms p99=664ms statuses[0=1 429=783 503=4544]

[t+32042s] total=85688 rate=2.7/s
  events     ok=0 fail=53179 err=100.0% p50=55ms p95=220ms p99=497ms statuses[0=20 401=2178 429=50981]
  cron       ok=535 fail=0 err=0.0% p50=312ms p95=740ms p99=1206ms statuses[200=535]
  reads      ok=0 fail=26636 err=100.0% p50=55ms p95=227ms p99=508ms statuses[0=10 401=492 429=19872 503=6262]
  webhook    ok=0 fail=5338 err=100.0% p50=56ms p95=356ms p99=664ms statuses[0=1 429=785 503=4552]

[t+32102s] total=85847 rate=2.7/s
  events     ok=0 fail=53279 err=100.0% p50=55ms p95=220ms p99=496ms statuses[0=20 401=2181 429=51078]
  cron       ok=535 fail=0 err=0.0% p50=312ms p95=740ms p99=1206ms statuses[200=535]
  reads      ok=0 fail=26685 err=100.0% p50=55ms p95=227ms p99=508ms statuses[0=10 401=493 429=19910 503=6272]
  webhook    ok=0 fail=5348 err=100.0% p50=56ms p95=356ms p99=664ms statuses[0=1 429=787 503=4560]

[t+32162s] total=86011 rate=2.7/s
  events     ok=0 fail=53378 err=100.0% p50=55ms p95=220ms p99=496ms statuses[0=20 401=2184 429=51174]
  cron       ok=540 fail=0 err=0.0% p50=312ms p95=740ms p99=1206ms statuses[200=540]
  reads      ok=0 fail=26735 err=100.0% p50=55ms p95=227ms p99=508ms statuses[0=10 401=494 429=19949 503=6282]
  webhook    ok=0 fail=5358 err=100.0% p50=56ms p95=356ms p99=664ms statuses[0=1 429=789 503=4568]

[t+32222s] total=86171 rate=2.7/s
  events     ok=0 fail=53478 err=100.0% p50=55ms p95=220ms p99=496ms statuses[0=20 401=2188 429=51270]
  cron       ok=540 fail=0 err=0.0% p50=312ms p95=740ms p99=1206ms statuses[200=540]
  reads      ok=0 fail=26785 err=100.0% p50=55ms p95=227ms p99=508ms statuses[0=10 401=494 429=19988 503=6293]
  webhook    ok=0 fail=5368 err=100.0% p50=56ms p95=356ms p99=664ms statuses[0=1 429=791 503=4576]

[t+32282s] total=86330 rate=2.7/s
  events     ok=0 fail=53577 err=100.0% p50=55ms p95=220ms p99=496ms statuses[0=20 401=2191 429=51366]
  cron       ok=540 fail=0 err=0.0% p50=312ms p95=740ms p99=1206ms statuses[200=540]
  reads      ok=0 fail=26835 err=100.0% p50=55ms p95=227ms p99=507ms statuses[0=10 401=495 429=20027 503=6303]
  webhook    ok=0 fail=5378 err=100.0% p50=56ms p95=356ms p99=664ms statuses[0=1 429=793 503=4584]

[t+32342s] total=86490 rate=2.7/s
  events     ok=0 fail=53677 err=100.0% p50=55ms p95=220ms p99=496ms statuses[0=20 401=2194 429=51463]
  cron       ok=540 fail=0 err=0.0% p50=312ms p95=740ms p99=1206ms statuses[200=540]
  reads      ok=0 fail=26885 err=100.0% p50=55ms p95=227ms p99=508ms statuses[0=10 401=496 429=20065 503=6314]
  webhook    ok=0 fail=5388 err=100.0% p50=56ms p95=356ms p99=664ms statuses[0=1 429=795 503=4592]

[t+32402s] total=86649 rate=2.7/s
  events     ok=0 fail=53776 err=100.0% p50=55ms p95=220ms p99=495ms statuses[0=20 401=2198 429=51558]
  cron       ok=540 fail=0 err=0.0% p50=312ms p95=740ms p99=1206ms statuses[200=540]
  reads      ok=0 fail=26935 err=100.0% p50=55ms p95=227ms p99=507ms statuses[0=10 401=497 429=20104 503=6324]
  webhook    ok=0 fail=5398 err=100.0% p50=56ms p95=356ms p99=664ms statuses[0=1 429=797 503=4600]

[t+32462s] total=86812 rate=2.7/s
  events     ok=0 fail=53875 err=100.0% p50=55ms p95=220ms p99=495ms statuses[0=20 401=2201 429=51654]
  cron       ok=545 fail=0 err=0.0% p50=312ms p95=740ms p99=1206ms statuses[200=545]
  reads      ok=0 fail=26984 err=100.0% p50=55ms p95=227ms p99=507ms statuses[0=10 401=498 429=20142 503=6334]
  webhook    ok=0 fail=5408 err=100.0% p50=56ms p95=356ms p99=660ms statuses[0=1 429=799 503=4608]

[t+32522s] total=86972 rate=2.7/s
  events     ok=0 fail=53975 err=100.0% p50=55ms p95=220ms p99=494ms statuses[0=20 401=2204 429=51751]
  cron       ok=545 fail=0 err=0.0% p50=312ms p95=740ms p99=1206ms statuses[200=545]
  reads      ok=0 fail=27034 err=100.0% p50=55ms p95=227ms p99=507ms statuses[0=10 401=499 429=20181 503=6344]
  webhook    ok=0 fail=5418 err=100.0% p50=56ms p95=356ms p99=660ms statuses[0=1 429=801 503=4616]

[t+32582s] total=87131 rate=2.7/s
  events     ok=0 fail=54074 err=100.0% p50=55ms p95=220ms p99=494ms statuses[0=20 401=2207 429=51847]
  cron       ok=545 fail=0 err=0.0% p50=312ms p95=740ms p99=1206ms statuses[200=545]
  reads      ok=0 fail=27084 err=100.0% p50=55ms p95=227ms p99=507ms statuses[0=10 401=499 429=20220 503=6355]
  webhook    ok=0 fail=5428 err=100.0% p50=56ms p95=356ms p99=660ms statuses[0=1 429=803 503=4624]

[t+32642s] total=87291 rate=2.7/s
  events     ok=0 fail=54174 err=100.0% p50=55ms p95=220ms p99=493ms statuses[0=20 401=2210 429=51944]
  cron       ok=545 fail=0 err=0.0% p50=312ms p95=740ms p99=1206ms statuses[200=545]
  reads      ok=0 fail=27134 err=100.0% p50=55ms p95=227ms p99=507ms statuses[0=10 401=500 429=20258 503=6366]
  webhook    ok=0 fail=5438 err=100.0% p50=56ms p95=357ms p99=660ms statuses[0=1 429=805 503=4632]

[t+32702s] total=87450 rate=2.7/s
  events     ok=0 fail=54273 err=100.0% p50=55ms p95=220ms p99=493ms statuses[0=20 401=2213 429=52040]
  cron       ok=545 fail=0 err=0.0% p50=312ms p95=740ms p99=1206ms statuses[200=545]
  reads      ok=0 fail=27184 err=100.0% p50=55ms p95=227ms p99=507ms statuses[0=10 401=501 429=20297 503=6376]
  webhook    ok=0 fail=5448 err=100.0% p50=56ms p95=357ms p99=660ms statuses[0=1 429=807 503=4640]

[t+32762s] total=87615 rate=2.7/s
  events     ok=0 fail=54373 err=100.0% p50=55ms p95=219ms p99=493ms statuses[0=20 401=2216 429=52137]
  cron       ok=550 fail=0 err=0.0% p50=312ms p95=740ms p99=1206ms statuses[200=550]
  reads      ok=0 fail=27234 err=100.0% p50=55ms p95=226ms p99=507ms statuses[0=10 401=501 429=20336 503=6387]
  webhook    ok=0 fail=5458 err=100.0% p50=56ms p95=357ms p99=664ms statuses[0=1 429=809 503=4648]

[t+32822s] total=87775 rate=2.7/s
  events     ok=0 fail=54473 err=100.0% p50=55ms p95=219ms p99=492ms statuses[0=20 401=2219 429=52234]
  cron       ok=550 fail=0 err=0.0% p50=312ms p95=740ms p99=1206ms statuses[200=550]
  reads      ok=0 fail=27284 err=100.0% p50=55ms p95=226ms p99=507ms statuses[0=10 401=502 429=20375 503=6397]
  webhook    ok=0 fail=5468 err=100.0% p50=56ms p95=357ms p99=664ms statuses[0=1 429=811 503=4656]

[t+32882s] total=87934 rate=2.7/s
  events     ok=0 fail=54572 err=100.0% p50=55ms p95=219ms p99=492ms statuses[0=20 401=2222 429=52330]
  cron       ok=550 fail=0 err=0.0% p50=312ms p95=740ms p99=1206ms statuses[200=550]
  reads      ok=0 fail=27334 err=100.0% p50=55ms p95=226ms p99=506ms statuses[0=10 401=503 429=20414 503=6407]
  webhook    ok=0 fail=5478 err=100.0% p50=56ms p95=357ms p99=664ms statuses[0=1 429=813 503=4664]

[t+32942s] total=88094 rate=2.7/s
  events     ok=0 fail=54672 err=100.0% p50=55ms p95=219ms p99=492ms statuses[0=20 401=2225 429=52427]
  cron       ok=550 fail=0 err=0.0% p50=312ms p95=740ms p99=1206ms statuses[200=550]
  reads      ok=0 fail=27384 err=100.0% p50=55ms p95=226ms p99=506ms statuses[0=10 401=503 429=20453 503=6418]
  webhook    ok=0 fail=5488 err=100.0% p50=56ms p95=356ms p99=664ms statuses[0=1 429=815 503=4672]

[t+33002s] total=88253 rate=2.7/s
  events     ok=0 fail=54772 err=100.0% p50=55ms p95=219ms p99=491ms statuses[0=20 401=2229 429=52523]
  cron       ok=550 fail=0 err=0.0% p50=312ms p95=740ms p99=1206ms statuses[200=550]
  reads      ok=0 fail=27433 err=100.0% p50=55ms p95=226ms p99=506ms statuses[0=10 401=503 429=20492 503=6428]
  webhook    ok=0 fail=5498 err=100.0% p50=56ms p95=357ms p99=664ms statuses[0=1 429=817 503=4680]

[t+33062s] total=88417 rate=2.7/s
  events     ok=0 fail=54871 err=100.0% p50=55ms p95=219ms p99=491ms statuses[0=20 401=2233 429=52618]
  cron       ok=555 fail=0 err=0.0% p50=312ms p95=746ms p99=1210ms statuses[200=555]
  reads      ok=0 fail=27483 err=100.0% p50=55ms p95=226ms p99=506ms statuses[0=10 401=504 429=20531 503=6438]
  webhook    ok=0 fail=5508 err=100.0% p50=56ms p95=356ms p99=660ms statuses[0=1 429=819 503=4688]

[t+33122s] total=88577 rate=2.7/s
  events     ok=0 fail=54971 err=100.0% p50=55ms p95=219ms p99=490ms statuses[0=20 401=2236 429=52715]
  cron       ok=555 fail=0 err=0.0% p50=312ms p95=746ms p99=1210ms statuses[200=555]
  reads      ok=0 fail=27533 err=100.0% p50=55ms p95=226ms p99=505ms statuses[0=10 401=505 429=20570 503=6448]
  webhook    ok=0 fail=5518 err=100.0% p50=56ms p95=357ms p99=665ms statuses[0=1 429=821 503=4696]

[t+33182s] total=88736 rate=2.7/s
  events     ok=0 fail=55070 err=100.0% p50=55ms p95=219ms p99=490ms statuses[0=20 401=2241 429=52809]
  cron       ok=555 fail=0 err=0.0% p50=312ms p95=746ms p99=1210ms statuses[200=555]
  reads      ok=0 fail=27583 err=100.0% p50=55ms p95=226ms p99=505ms statuses[0=10 401=505 429=20609 503=6459]
  webhook    ok=0 fail=5528 err=100.0% p50=56ms p95=357ms p99=665ms statuses[0=1 429=823 503=4704]

[t+33242s] total=88896 rate=2.7/s
  events     ok=0 fail=55170 err=100.0% p50=55ms p95=219ms p99=490ms statuses[0=20 401=2244 429=52906]
  cron       ok=555 fail=0 err=0.0% p50=312ms p95=746ms p99=1210ms statuses[200=555]
  reads      ok=0 fail=27633 err=100.0% p50=55ms p95=226ms p99=505ms statuses[0=10 401=506 429=20648 503=6469]
  webhook    ok=0 fail=5538 err=100.0% p50=56ms p95=357ms p99=665ms statuses[0=1 429=825 503=4712]

[t+33302s] total=89056 rate=2.7/s
  events     ok=0 fail=55270 err=100.0% p50=55ms p95=219ms p99=490ms statuses[0=20 401=2249 429=53001]
  cron       ok=555 fail=0 err=0.0% p50=312ms p95=746ms p99=1210ms statuses[200=555]
  reads      ok=0 fail=27683 err=100.0% p50=55ms p95=226ms p99=505ms statuses[0=10 401=508 429=20685 503=6480]
  webhook    ok=0 fail=5548 err=100.0% p50=56ms p95=357ms p99=665ms statuses[0=1 429=826 503=4721]

[t+33362s] total=89220 rate=2.7/s
  events     ok=0 fail=55369 err=100.0% p50=55ms p95=219ms p99=490ms statuses[0=20 401=2252 429=53097]
  cron       ok=560 fail=0 err=0.0% p50=312ms p95=746ms p99=1210ms statuses[200=560]
  reads      ok=0 fail=27733 err=100.0% p50=55ms p95=226ms p99=505ms statuses[0=10 401=508 429=20724 503=6491]
  webhook    ok=0 fail=5558 err=100.0% p50=56ms p95=357ms p99=665ms statuses[0=1 429=828 503=4729]

[t+33422s] total=89380 rate=2.7/s
  events     ok=0 fail=55469 err=100.0% p50=55ms p95=219ms p99=489ms statuses[0=20 401=2255 429=53194]
  cron       ok=560 fail=0 err=0.0% p50=312ms p95=746ms p99=1210ms statuses[200=560]
  reads      ok=0 fail=27783 err=100.0% p50=55ms p95=226ms p99=505ms statuses[0=10 401=509 429=20763 503=6501]
  webhook    ok=0 fail=5568 err=100.0% p50=56ms p95=357ms p99=665ms statuses[0=1 429=830 503=4737]

[t+33482s] total=89539 rate=2.7/s
  events     ok=0 fail=55568 err=100.0% p50=55ms p95=219ms p99=489ms statuses[0=20 401=2258 429=53290]
  cron       ok=560 fail=0 err=0.0% p50=312ms p95=746ms p99=1210ms statuses[200=560]
  reads      ok=0 fail=27833 err=100.0% p50=55ms p95=226ms p99=504ms statuses[0=10 401=510 429=20801 503=6512]
  webhook    ok=0 fail=5578 err=100.0% p50=56ms p95=358ms p99=665ms statuses[0=1 429=832 503=4745]

[t+33542s] total=89699 rate=2.7/s
  events     ok=0 fail=55668 err=100.0% p50=55ms p95=219ms p99=489ms statuses[0=20 401=2262 429=53386]
  cron       ok=560 fail=0 err=0.0% p50=312ms p95=746ms p99=1210ms statuses[200=560]
  reads      ok=0 fail=27883 err=100.0% p50=55ms p95=226ms p99=504ms statuses[0=10 401=510 429=20840 503=6523]
  webhook    ok=0 fail=5588 err=100.0% p50=56ms p95=358ms p99=665ms statuses[0=1 429=834 503=4753]

[t+33602s] total=89858 rate=2.7/s
  events     ok=0 fail=55768 err=100.0% p50=55ms p95=219ms p99=489ms statuses[0=20 401=2265 429=53483]
  cron       ok=560 fail=0 err=0.0% p50=312ms p95=746ms p99=1210ms statuses[200=560]
  reads      ok=0 fail=27932 err=100.0% p50=55ms p95=226ms p99=503ms statuses[0=10 401=511 429=20878 503=6533]
  webhook    ok=0 fail=5598 err=100.0% p50=56ms p95=358ms p99=665ms statuses[0=1 429=836 503=4761]

[t+33662s] total=90022 rate=2.7/s
  events     ok=0 fail=55867 err=100.0% p50=55ms p95=219ms p99=489ms statuses[0=20 401=2268 429=53579]
  cron       ok=565 fail=0 err=0.0% p50=312ms p95=740ms p99=1210ms statuses[200=565]
  reads      ok=0 fail=27982 err=100.0% p50=55ms p95=226ms p99=503ms statuses[0=10 401=512 429=20917 503=6543]
  webhook    ok=0 fail=5608 err=100.0% p50=56ms p95=357ms p99=664ms statuses[0=1 429=838 503=4769]

[t+33722s] total=90182 rate=2.7/s
  events     ok=0 fail=55967 err=100.0% p50=55ms p95=219ms p99=489ms statuses[0=20 401=2271 429=53676]
  cron       ok=565 fail=0 err=0.0% p50=312ms p95=740ms p99=1210ms statuses[200=565]
  reads      ok=0 fail=28032 err=100.0% p50=55ms p95=226ms p99=503ms statuses[0=10 401=512 429=20956 503=6554]
  webhook    ok=0 fail=5618 err=100.0% p50=56ms p95=357ms p99=664ms statuses[0=1 429=840 503=4777]

[t+33782s] total=90341 rate=2.7/s
  events     ok=0 fail=56066 err=100.0% p50=55ms p95=219ms p99=488ms statuses[0=20 401=2274 429=53772]
  cron       ok=565 fail=0 err=0.0% p50=312ms p95=740ms p99=1210ms statuses[200=565]
  reads      ok=0 fail=28082 err=100.0% p50=55ms p95=226ms p99=503ms statuses[0=10 401=513 429=20995 503=6564]
  webhook    ok=0 fail=5628 err=100.0% p50=56ms p95=357ms p99=664ms statuses[0=1 429=841 503=4786]

[t+33842s] total=90501 rate=2.7/s
  events     ok=0 fail=56166 err=100.0% p50=55ms p95=219ms p99=488ms statuses[0=20 401=2279 429=53867]
  cron       ok=565 fail=0 err=0.0% p50=312ms p95=740ms p99=1210ms statuses[200=565]
  reads      ok=0 fail=28132 err=100.0% p50=55ms p95=226ms p99=503ms statuses[0=10 401=514 429=21033 503=6575]
  webhook    ok=0 fail=5638 err=100.0% p50=56ms p95=358ms p99=664ms statuses[0=1 429=843 503=4794]

[t+33902s] total=90660 rate=2.7/s
  events     ok=0 fail=56265 err=100.0% p50=55ms p95=219ms p99=488ms statuses[0=20 401=2282 429=53963]
  cron       ok=565 fail=0 err=0.0% p50=312ms p95=740ms p99=1210ms statuses[200=565]
  reads      ok=0 fail=28182 err=100.0% p50=55ms p95=226ms p99=503ms statuses[0=10 401=514 429=21073 503=6585]
  webhook    ok=0 fail=5648 err=100.0% p50=56ms p95=357ms p99=664ms statuses[0=1 429=845 503=4802]

[t+33962s] total=90825 rate=2.7/s
  events     ok=0 fail=56365 err=100.0% p50=55ms p95=219ms p99=487ms statuses[0=20 401=2288 429=54057]
  cron       ok=570 fail=0 err=0.0% p50=312ms p95=740ms p99=1210ms statuses[200=570]
  reads      ok=0 fail=28232 err=100.0% p50=55ms p95=226ms p99=501ms statuses[0=10 401=515 429=21112 503=6595]
  webhook    ok=0 fail=5658 err=100.0% p50=56ms p95=358ms p99=664ms statuses[0=1 429=846 503=4811]

[t+34022s] total=90985 rate=2.7/s
  events     ok=0 fail=56465 err=100.0% p50=55ms p95=219ms p99=487ms statuses[0=20 401=2293 429=54152]
  cron       ok=570 fail=0 err=0.0% p50=312ms p95=740ms p99=1210ms statuses[200=570]
  reads      ok=0 fail=28282 err=100.0% p50=55ms p95=226ms p99=501ms statuses[0=10 401=516 429=21150 503=6606]
  webhook    ok=0 fail=5668 err=100.0% p50=56ms p95=357ms p99=664ms statuses[0=1 429=847 503=4820]

[t+34082s] total=91144 rate=2.7/s
  events     ok=0 fail=56564 err=100.0% p50=55ms p95=219ms p99=487ms statuses[0=20 401=2296 429=54248]
  cron       ok=570 fail=0 err=0.0% p50=312ms p95=740ms p99=1210ms statuses[200=570]
  reads      ok=0 fail=28332 err=100.0% p50=55ms p95=226ms p99=499ms statuses[0=10 401=516 429=21190 503=6616]
  webhook    ok=0 fail=5678 err=100.0% p50=56ms p95=357ms p99=664ms statuses[0=1 429=848 503=4829]

[t+34142s] total=91304 rate=2.7/s
  events     ok=0 fail=56664 err=100.0% p50=55ms p95=219ms p99=487ms statuses[0=20 401=2303 429=54341]
  cron       ok=570 fail=0 err=0.0% p50=312ms p95=740ms p99=1210ms statuses[200=570]
  reads      ok=0 fail=28382 err=100.0% p50=55ms p95=226ms p99=499ms statuses[0=10 401=517 429=21229 503=6626]
  webhook    ok=0 fail=5688 err=100.0% p50=56ms p95=357ms p99=664ms statuses[0=1 429=848 503=4839]

[t+34202s] total=91463 rate=2.7/s
  events     ok=0 fail=56764 err=100.0% p50=55ms p95=219ms p99=487ms statuses[0=20 401=2306 429=54438]
  cron       ok=570 fail=0 err=0.0% p50=312ms p95=740ms p99=1210ms statuses[200=570]
  reads      ok=0 fail=28431 err=100.0% p50=55ms p95=226ms p99=499ms statuses[0=10 401=519 429=21266 503=6636]
  webhook    ok=0 fail=5698 err=100.0% p50=56ms p95=357ms p99=664ms statuses[0=1 429=849 503=4848]

[t+34262s] total=91626 rate=2.7/s
  events     ok=0 fail=56862 err=100.0% p50=55ms p95=219ms p99=486ms statuses[0=20 401=2316 429=54526]
  cron       ok=575 fail=0 err=0.0% p50=312ms p95=746ms p99=1210ms statuses[200=575]
  reads      ok=0 fail=28481 err=100.0% p50=55ms p95=226ms p99=499ms statuses[0=10 401=520 429=21301 503=6650]
  webhook    ok=0 fail=5708 err=100.0% p50=56ms p95=357ms p99=660ms statuses[0=1 429=850 503=4857]

[t+34322s] total=91786 rate=2.7/s
  events     ok=0 fail=56962 err=100.0% p50=55ms p95=219ms p99=486ms statuses[0=20 401=2320 429=54622]
  cron       ok=575 fail=0 err=0.0% p50=312ms p95=746ms p99=1210ms statuses[200=575]
  reads      ok=0 fail=28531 err=100.0% p50=55ms p95=226ms p99=499ms statuses[0=10 401=522 429=21337 503=6662]
  webhook    ok=0 fail=5718 err=100.0% p50=56ms p95=357ms p99=660ms statuses[0=1 429=851 503=4866]

[t+34382s] total=91944 rate=2.7/s
  events     ok=0 fail=57061 err=100.0% p50=55ms p95=219ms p99=486ms statuses[0=20 401=2323 429=54718]
  cron       ok=575 fail=0 err=0.0% p50=312ms p95=746ms p99=1210ms statuses[200=575]
  reads      ok=0 fail=28581 err=100.0% p50=55ms p95=226ms p99=499ms statuses[0=10 401=523 429=21376 503=6672]
  webhook    ok=0 fail=5727 err=100.0% p50=55ms p95=357ms p99=660ms statuses[0=1 429=852 503=4874]

[t+34442s] total=92104 rate=2.7/s
  events     ok=0 fail=57161 err=100.0% p50=55ms p95=219ms p99=486ms statuses[0=20 401=2327 429=54814]
  cron       ok=575 fail=0 err=0.0% p50=312ms p95=746ms p99=1210ms statuses[200=575]
  reads      ok=0 fail=28630 err=100.0% p50=55ms p95=226ms p99=498ms statuses[0=10 401=523 429=21415 503=6682]
  webhook    ok=0 fail=5738 err=100.0% p50=55ms p95=357ms p99=660ms statuses[0=1 429=853 503=4884]

[t+34502s] total=92263 rate=2.7/s
  events     ok=0 fail=57260 err=100.0% p50=55ms p95=219ms p99=486ms statuses[0=20 401=2330 429=54910]
  cron       ok=575 fail=0 err=0.0% p50=312ms p95=746ms p99=1210ms statuses[200=575]
  reads      ok=0 fail=28680 err=100.0% p50=55ms p95=226ms p99=498ms statuses[0=10 401=524 429=21454 503=6692]
  webhook    ok=0 fail=5748 err=100.0% p50=55ms p95=357ms p99=660ms statuses[0=1 429=854 503=4893]

[t+34562s] total=92428 rate=2.7/s
  events     ok=0 fail=57360 err=100.0% p50=55ms p95=220ms p99=487ms statuses[0=20 401=2334 429=55006]
  cron       ok=580 fail=0 err=0.0% p50=310ms p95=746ms p99=1210ms statuses[200=580]
  reads      ok=0 fail=28730 err=100.0% p50=55ms p95=227ms p99=498ms statuses[0=10 401=525 429=21493 503=6702]
  webhook    ok=0 fail=5758 err=100.0% p50=55ms p95=357ms p99=660ms statuses[0=1 429=855 503=4902]

[t+34622s] total=92588 rate=2.7/s
  events     ok=0 fail=57460 err=100.0% p50=55ms p95=220ms p99=488ms statuses[0=20 401=2337 429=55103]
  cron       ok=580 fail=0 err=0.0% p50=310ms p95=746ms p99=1210ms statuses[200=580]
  reads      ok=0 fail=28780 err=100.0% p50=55ms p95=227ms p99=501ms statuses[0=10 401=525 429=21533 503=6712]
  webhook    ok=0 fail=5768 err=100.0% p50=55ms p95=357ms p99=660ms statuses[0=1 429=856 503=4911]

[t+34682s] total=92747 rate=2.7/s
  events     ok=0 fail=57559 err=100.0% p50=55ms p95=220ms p99=488ms statuses[0=20 401=2340 429=55199]
  cron       ok=580 fail=0 err=0.0% p50=310ms p95=746ms p99=1210ms statuses[200=580]
  reads      ok=0 fail=28830 err=100.0% p50=55ms p95=227ms p99=501ms statuses[0=10 401=526 429=21572 503=6722]
  webhook    ok=0 fail=5778 err=100.0% p50=55ms p95=357ms p99=660ms statuses[0=1 429=857 503=4920]

[t+34742s] total=92907 rate=2.7/s
  events     ok=0 fail=57659 err=100.0% p50=55ms p95=220ms p99=488ms statuses[0=20 401=2343 429=55296]
  cron       ok=580 fail=0 err=0.0% p50=310ms p95=746ms p99=1210ms statuses[200=580]
  reads      ok=0 fail=28880 err=100.0% p50=55ms p95=227ms p99=501ms statuses[0=10 401=527 429=21611 503=6732]
  webhook    ok=0 fail=5788 err=100.0% p50=55ms p95=358ms p99=660ms statuses[0=1 429=858 503=4929]

[t+34802s] total=93066 rate=2.7/s
  events     ok=0 fail=57758 err=100.0% p50=55ms p95=220ms p99=487ms statuses[0=20 401=2346 429=55392]
  cron       ok=580 fail=0 err=0.0% p50=310ms p95=746ms p99=1210ms statuses[200=580]
  reads      ok=0 fail=28930 err=100.0% p50=55ms p95=227ms p99=499ms statuses[0=10 401=527 429=21651 503=6742]
  webhook    ok=0 fail=5798 err=100.0% p50=55ms p95=358ms p99=660ms statuses[0=1 429=859 503=4938]

[t+34862s] total=93231 rate=2.7/s
  events     ok=0 fail=57858 err=100.0% p50=55ms p95=220ms p99=487ms statuses[0=20 401=2349 429=55489]
  cron       ok=585 fail=0 err=0.0% p50=310ms p95=740ms p99=1210ms statuses[200=585]
  reads      ok=0 fail=28980 err=100.0% p50=55ms p95=227ms p99=499ms statuses[0=10 401=528 429=21690 503=6752]
  webhook    ok=0 fail=5808 err=100.0% p50=55ms p95=358ms p99=653ms statuses[0=1 429=860 503=4947]

[t+34922s] total=93390 rate=2.7/s
  events     ok=0 fail=57957 err=100.0% p50=55ms p95=220ms p99=487ms statuses[0=20 401=2354 429=55583]
  cron       ok=585 fail=0 err=0.0% p50=310ms p95=740ms p99=1210ms statuses[200=585]
  reads      ok=0 fail=29030 err=100.0% p50=55ms p95=227ms p99=499ms statuses[0=10 401=529 429=21729 503=6762]
  webhook    ok=0 fail=5818 err=100.0% p50=55ms p95=358ms p99=660ms statuses[0=1 429=861 503=4956]

[t+34982s] total=93549 rate=2.7/s
  events     ok=0 fail=58057 err=100.0% p50=55ms p95=220ms p99=487ms statuses[0=20 401=2358 429=55679]
  cron       ok=585 fail=0 err=0.0% p50=310ms p95=740ms p99=1210ms statuses[200=585]
  reads      ok=0 fail=29080 err=100.0% p50=55ms p95=227ms p99=499ms statuses[0=10 401=529 429=21769 503=6772]
  webhook    ok=0 fail=5827 err=100.0% p50=55ms p95=358ms p99=660ms statuses[0=1 429=862 503=4964]

[t+35042s] total=93709 rate=2.7/s
  events     ok=0 fail=58157 err=100.0% p50=55ms p95=220ms p99=487ms statuses[0=20 401=2361 429=55776]
  cron       ok=585 fail=0 err=0.0% p50=310ms p95=740ms p99=1210ms statuses[200=585]
  reads      ok=0 fail=29129 err=100.0% p50=55ms p95=227ms p99=499ms statuses[0=10 401=530 429=21807 503=6782]
  webhook    ok=0 fail=5838 err=100.0% p50=55ms p95=358ms p99=660ms statuses[0=1 429=863 503=4974]

[t+35102s] total=93868 rate=2.7/s
  events     ok=0 fail=58256 err=100.0% p50=55ms p95=220ms p99=487ms statuses[0=20 401=2364 429=55872]
  cron       ok=585 fail=0 err=0.0% p50=310ms p95=740ms p99=1210ms statuses[200=585]
  reads      ok=0 fail=29179 err=100.0% p50=55ms p95=227ms p99=499ms statuses[0=10 401=531 429=21845 503=6793]
  webhook    ok=0 fail=5848 err=100.0% p50=55ms p95=358ms p99=660ms statuses[0=1 429=864 503=4983]

[t+35162s] total=94032 rate=2.7/s
  events     ok=0 fail=58356 err=100.0% p50=55ms p95=220ms p99=487ms statuses[0=20 401=2367 429=55969]
  cron       ok=590 fail=0 err=0.0% p50=311ms p95=740ms p99=1210ms statuses[200=590]
  reads      ok=0 fail=29229 err=100.0% p50=55ms p95=227ms p99=499ms statuses[0=10 401=531 429=21884 503=6804]
  webhook    ok=0 fail=5857 err=100.0% p50=55ms p95=358ms p99=660ms statuses[0=1 429=865 503=4991]

[t+35222s] total=94192 rate=2.7/s
  events     ok=0 fail=58456 err=100.0% p50=55ms p95=220ms p99=487ms statuses[0=20 401=2370 429=56066]
  cron       ok=590 fail=0 err=0.0% p50=311ms p95=740ms p99=1210ms statuses[200=590]
  reads      ok=0 fail=29279 err=100.0% p50=55ms p95=227ms p99=499ms statuses[0=10 401=532 429=21923 503=6814]
  webhook    ok=0 fail=5867 err=100.0% p50=55ms p95=358ms p99=660ms statuses[0=1 429=866 503=5000]

[t+35282s] total=94351 rate=2.7/s
  events     ok=0 fail=58555 err=100.0% p50=55ms p95=220ms p99=487ms statuses[0=20 401=2373 429=56162]
  cron       ok=590 fail=0 err=0.0% p50=311ms p95=740ms p99=1210ms statuses[200=590]
  reads      ok=0 fail=29329 err=100.0% p50=55ms p95=227ms p99=498ms statuses[0=10 401=533 429=21962 503=6824]
  webhook    ok=0 fail=5877 err=100.0% p50=55ms p95=358ms p99=660ms statuses[0=1 429=867 503=5009]

[t+35342s] total=94511 rate=2.7/s
  events     ok=0 fail=58655 err=100.0% p50=55ms p95=220ms p99=486ms statuses[0=20 401=2376 429=56259]
  cron       ok=590 fail=0 err=0.0% p50=311ms p95=740ms p99=1210ms statuses[200=590]
  reads      ok=0 fail=29379 err=100.0% p50=55ms p95=227ms p99=498ms statuses[0=10 401=533 429=22002 503=6834]
  webhook    ok=0 fail=5887 err=100.0% p50=55ms p95=358ms p99=660ms statuses[0=1 429=868 503=5018]

[t+35402s] total=94670 rate=2.7/s
  events     ok=0 fail=58754 err=100.0% p50=55ms p95=220ms p99=486ms statuses[0=20 401=2379 429=56355]
  cron       ok=590 fail=0 err=0.0% p50=311ms p95=740ms p99=1210ms statuses[200=590]
  reads      ok=0 fail=29429 err=100.0% p50=55ms p95=227ms p99=497ms statuses[0=10 401=534 429=22041 503=6844]
  webhook    ok=0 fail=5897 err=100.0% p50=55ms p95=358ms p99=660ms statuses[0=1 429=869 503=5027]

[t+35462s] total=94835 rate=2.7/s
  events     ok=0 fail=58854 err=100.0% p50=55ms p95=220ms p99=486ms statuses[0=20 401=2382 429=56452]
  cron       ok=595 fail=0 err=0.0% p50=310ms p95=740ms p99=1210ms statuses[200=595]
  reads      ok=0 fail=29479 err=100.0% p50=55ms p95=227ms p99=497ms statuses[0=10 401=535 429=22080 503=6854]
  webhook    ok=0 fail=5907 err=100.0% p50=55ms p95=358ms p99=653ms statuses[0=1 429=870 503=5036]

[t+35522s] total=94995 rate=2.7/s
  events     ok=0 fail=58954 err=100.0% p50=55ms p95=220ms p99=486ms statuses[0=20 401=2387 429=56547]
  cron       ok=595 fail=0 err=0.0% p50=310ms p95=740ms p99=1210ms statuses[200=595]
  reads      ok=0 fail=29529 err=100.0% p50=55ms p95=227ms p99=497ms statuses[0=10 401=536 429=22108 503=6875]
  webhook    ok=0 fail=5917 err=100.0% p50=55ms p95=358ms p99=653ms statuses[0=1 429=871 503=5045]

[t+35582s] total=95154 rate=2.7/s
  events     ok=0 fail=59053 err=100.0% p50=55ms p95=220ms p99=486ms statuses[0=20 401=2391 429=56642]
  cron       ok=595 fail=0 err=0.0% p50=310ms p95=740ms p99=1210ms statuses[200=595]
  reads      ok=0 fail=29579 err=100.0% p50=55ms p95=227ms p99=497ms statuses[0=10 401=537 429=22147 503=6885]
  webhook    ok=0 fail=5927 err=100.0% p50=55ms p95=358ms p99=653ms statuses[0=1 429=872 503=5054]

[t+35642s] total=95313 rate=2.7/s
  events     ok=0 fail=59153 err=100.0% p50=55ms p95=220ms p99=486ms statuses[0=20 401=2394 429=56739]
  cron       ok=595 fail=0 err=0.0% p50=310ms p95=740ms p99=1210ms statuses[200=595]
  reads      ok=0 fail=29628 err=100.0% p50=55ms p95=227ms p99=496ms statuses[0=10 401=538 429=22185 503=6895]
  webhook    ok=0 fail=5937 err=100.0% p50=55ms p95=359ms p99=653ms statuses[0=1 429=873 503=5063]

[t+35702s] total=95473 rate=2.7/s
  events     ok=0 fail=59253 err=100.0% p50=55ms p95=220ms p99=486ms statuses[0=20 401=2398 429=56835]
  cron       ok=595 fail=0 err=0.0% p50=310ms p95=740ms p99=1210ms statuses[200=595]
  reads      ok=0 fail=29678 err=100.0% p50=55ms p95=227ms p99=496ms statuses[0=10 401=539 429=22224 503=6905]
  webhook    ok=0 fail=5947 err=100.0% p50=55ms p95=359ms p99=660ms statuses[0=1 429=874 503=5072]

[t+35762s] total=95637 rate=2.7/s
  events     ok=0 fail=59352 err=100.0% p50=55ms p95=220ms p99=486ms statuses[0=20 401=2402 429=56930]
  cron       ok=600 fail=0 err=0.0% p50=310ms p95=740ms p99=1210ms statuses[200=600]
  reads      ok=0 fail=29728 err=100.0% p50=55ms p95=227ms p99=495ms statuses[0=10 401=540 429=22263 503=6915]
  webhook    ok=0 fail=5957 err=100.0% p50=55ms p95=359ms p99=660ms statuses[0=1 429=874 503=5082]

[t+35822s] total=95797 rate=2.7/s
  events     ok=0 fail=59452 err=100.0% p50=55ms p95=220ms p99=485ms statuses[0=20 401=2405 429=57027]
  cron       ok=600 fail=0 err=0.0% p50=310ms p95=740ms p99=1210ms statuses[200=600]
  reads      ok=0 fail=29778 err=100.0% p50=55ms p95=227ms p99=495ms statuses[0=10 401=541 429=22302 503=6925]
  webhook    ok=0 fail=5967 err=100.0% p50=55ms p95=359ms p99=660ms statuses[0=1 429=875 503=5091]

[t+35882s] total=95957 rate=2.7/s
  events     ok=0 fail=59552 err=100.0% p50=55ms p95=220ms p99=485ms statuses[0=20 401=2408 429=57124]
  cron       ok=600 fail=0 err=0.0% p50=310ms p95=740ms p99=1210ms statuses[200=600]
  reads      ok=0 fail=29828 err=100.0% p50=55ms p95=227ms p99=495ms statuses[0=10 401=541 429=22342 503=6935]
  webhook    ok=0 fail=5977 err=100.0% p50=55ms p95=359ms p99=660ms statuses[0=1 429=876 503=5100]

[t+35942s] total=96116 rate=2.7/s
  events     ok=0 fail=59651 err=100.0% p50=55ms p95=220ms p99=485ms statuses[0=20 401=2411 429=57220]
  cron       ok=600 fail=0 err=0.0% p50=310ms p95=740ms p99=1210ms statuses[200=600]
  reads      ok=0 fail=29878 err=100.0% p50=55ms p95=227ms p99=495ms statuses[0=10 401=542 429=22381 503=6945]
  webhook    ok=0 fail=5987 err=100.0% p50=55ms p95=359ms p99=660ms statuses[0=1 429=877 503=5109]

[t+36002s] total=96276 rate=2.7/s
  events     ok=0 fail=59751 err=100.0% p50=55ms p95=220ms p99=485ms statuses[0=20 401=2414 429=57317]
  cron       ok=600 fail=0 err=0.0% p50=310ms p95=740ms p99=1210ms statuses[200=600]
  reads      ok=0 fail=29928 err=100.0% p50=55ms p95=227ms p99=495ms statuses[0=10 401=543 429=22420 503=6955]
  webhook    ok=0 fail=5997 err=100.0% p50=55ms p95=359ms p99=660ms statuses[0=1 429=878 503=5118]

[t+36062s] total=96439 rate=2.7/s
  events     ok=0 fail=59850 err=100.0% p50=55ms p95=220ms p99=485ms statuses[0=20 401=2419 429=57411]
  cron       ok=605 fail=0 err=0.0% p50=311ms p95=740ms p99=1206ms statuses[200=605]
  reads      ok=0 fail=29977 err=100.0% p50=55ms p95=227ms p99=495ms statuses[0=10 401=543 429=22458 503=6966]
  webhook    ok=0 fail=6007 err=100.0% p50=55ms p95=359ms p99=653ms statuses[0=1 429=879 503=5127]

[t+36122s] total=96598 rate=2.7/s
  events     ok=0 fail=59949 err=100.0% p50=55ms p95=220ms p99=485ms statuses[0=20 401=2422 429=57507]
  cron       ok=605 fail=0 err=0.0% p50=311ms p95=740ms p99=1206ms statuses[200=605]
  reads      ok=0 fail=30027 err=100.0% p50=55ms p95=227ms p99=495ms statuses[0=10 401=544 429=22497 503=6976]
  webhook    ok=0 fail=6017 err=100.0% p50=55ms p95=359ms p99=653ms statuses[0=1 429=880 503=5136]

[t+36182s] total=96758 rate=2.7/s
  events     ok=0 fail=60049 err=100.0% p50=55ms p95=220ms p99=485ms statuses[0=20 401=2425 429=57604]
  cron       ok=605 fail=0 err=0.0% p50=311ms p95=740ms p99=1206ms statuses[200=605]
  reads      ok=0 fail=30077 err=100.0% p50=55ms p95=227ms p99=495ms statuses[0=10 401=545 429=22536 503=6986]
  webhook    ok=0 fail=6027 err=100.0% p50=55ms p95=359ms p99=653ms statuses[0=1 429=881 503=5145]

[t+36242s] total=96917 rate=2.7/s
  events     ok=0 fail=60148 err=100.0% p50=55ms p95=220ms p99=485ms statuses[0=20 401=2428 429=57700]
  cron       ok=605 fail=0 err=0.0% p50=311ms p95=740ms p99=1206ms statuses[200=605]
  reads      ok=0 fail=30127 err=100.0% p50=55ms p95=227ms p99=495ms statuses[0=10 401=545 429=22576 503=6996]
  webhook    ok=0 fail=6037 err=100.0% p50=55ms p95=359ms p99=653ms statuses[0=1 429=882 503=5154]

[t+36302s] total=97077 rate=2.7/s
  events     ok=0 fail=60248 err=100.0% p50=55ms p95=219ms p99=484ms statuses[0=20 401=2432 429=57796]
  cron       ok=605 fail=0 err=0.0% p50=311ms p95=740ms p99=1206ms statuses[200=605]
  reads      ok=0 fail=30177 err=100.0% p50=55ms p95=227ms p99=495ms statuses[0=10 401=546 429=22615 503=7006]
  webhook    ok=0 fail=6047 err=100.0% p50=55ms p95=359ms p99=653ms statuses[0=1 429=883 503=5163]

[t+36362s] total=97242 rate=2.7/s
  events     ok=0 fail=60348 err=100.0% p50=55ms p95=219ms p99=483ms statuses[0=20 401=2437 429=57891]
  cron       ok=610 fail=0 err=0.0% p50=312ms p95=740ms p99=1206ms statuses[200=610]
  reads      ok=0 fail=30227 err=100.0% p50=55ms p95=227ms p99=494ms statuses[0=10 401=549 429=22638 503=7030]
  webhook    ok=0 fail=6057 err=100.0% p50=55ms p95=359ms p99=653ms statuses[0=1 429=884 503=5172]

[t+36422s] total=97400 rate=2.7/s
  events     ok=0 fail=60447 err=100.0% p50=55ms p95=219ms p99=482ms statuses[0=20 401=2444 429=57983]
  cron       ok=610 fail=0 err=0.0% p50=312ms p95=740ms p99=1206ms statuses[200=610]
  reads      ok=0 fail=30276 err=100.0% p50=55ms p95=227ms p99=494ms statuses[0=10 401=550 429=22674 503=7042]
  webhook    ok=0 fail=6067 err=100.0% p50=55ms p95=359ms p99=653ms statuses[0=1 429=884 503=5182]

[t+36482s] total=97560 rate=2.7/s
  events     ok=0 fail=60547 err=100.0% p50=55ms p95=219ms p99=482ms statuses[0=20 401=2448 429=58079]
  cron       ok=610 fail=0 err=0.0% p50=312ms p95=740ms p99=1206ms statuses[200=610]
  reads      ok=0 fail=30326 err=100.0% p50=55ms p95=226ms p99=494ms statuses[0=10 401=551 429=22713 503=7052]
  webhook    ok=0 fail=6077 err=100.0% p50=55ms p95=359ms p99=653ms statuses[0=1 429=885 503=5191]

[t+36542s] total=97720 rate=2.7/s
  events     ok=0 fail=60647 err=100.0% p50=55ms p95=219ms p99=482ms statuses[0=20 401=2451 429=58176]
  cron       ok=610 fail=0 err=0.0% p50=312ms p95=740ms p99=1206ms statuses[200=610]
  reads      ok=0 fail=30376 err=100.0% p50=55ms p95=226ms p99=494ms statuses[0=10 401=552 429=22752 503=7062]
  webhook    ok=0 fail=6087 err=100.0% p50=55ms p95=358ms p99=653ms statuses[0=1 429=886 503=5200]

[t+36602s] total=97879 rate=2.7/s
  events     ok=0 fail=60746 err=100.0% p50=55ms p95=219ms p99=482ms statuses[0=20 401=2456 429=58270]
  cron       ok=610 fail=0 err=0.0% p50=312ms p95=740ms p99=1206ms statuses[200=610]
  reads      ok=0 fail=30426 err=100.0% p50=55ms p95=226ms p99=493ms statuses[0=10 401=552 429=22792 503=7072]
  webhook    ok=0 fail=6097 err=100.0% p50=55ms p95=358ms p99=653ms statuses[0=1 429=887 503=5209]

[t+36662s] total=98044 rate=2.7/s
  events     ok=0 fail=60846 err=100.0% p50=55ms p95=219ms p99=482ms statuses[0=20 401=2459 429=58367]
  cron       ok=615 fail=0 err=0.0% p50=312ms p95=740ms p99=1206ms statuses[200=615]
  reads      ok=0 fail=30476 err=100.0% p50=55ms p95=226ms p99=493ms statuses[0=10 401=554 429=22830 503=7082]
  webhook    ok=0 fail=6107 err=100.0% p50=55ms p95=358ms p99=650ms statuses[0=1 429=888 503=5218]

[t+36722s] total=98203 rate=2.7/s
  events     ok=0 fail=60945 err=100.0% p50=55ms p95=219ms p99=482ms statuses[0=20 401=2462 429=58463]
  cron       ok=615 fail=0 err=0.0% p50=312ms p95=740ms p99=1206ms statuses[200=615]
  reads      ok=0 fail=30526 err=100.0% p50=55ms p95=226ms p99=492ms statuses[0=10 401=555 429=22869 503=7092]
  webhook    ok=0 fail=6117 err=100.0% p50=55ms p95=358ms p99=650ms statuses[0=1 429=889 503=5227]

[t+36782s] total=98363 rate=2.7/s
  events     ok=0 fail=61045 err=100.0% p50=55ms p95=219ms p99=482ms statuses[0=20 401=2465 429=58560]
  cron       ok=615 fail=0 err=0.0% p50=312ms p95=740ms p99=1206ms statuses[200=615]
  reads      ok=0 fail=30576 err=100.0% p50=55ms p95=226ms p99=492ms statuses[0=10 401=555 429=22909 503=7102]
  webhook    ok=0 fail=6127 err=100.0% p50=56ms p95=358ms p99=650ms statuses[0=1 429=890 503=5236]

[t+36842s] total=98523 rate=2.7/s
  events     ok=0 fail=61145 err=100.0% p50=55ms p95=219ms p99=481ms statuses[0=20 401=2468 429=58657]
  cron       ok=615 fail=0 err=0.0% p50=312ms p95=740ms p99=1206ms statuses[200=615]
  reads      ok=0 fail=30626 err=100.0% p50=55ms p95=226ms p99=492ms statuses[0=10 401=556 429=22948 503=7112]
  webhook    ok=0 fail=6137 err=100.0% p50=56ms p95=358ms p99=650ms statuses[0=1 429=891 503=5245]

[t+36902s] total=98682 rate=2.7/s
  events     ok=0 fail=61244 err=100.0% p50=55ms p95=219ms p99=481ms statuses[0=20 401=2471 429=58753]
  cron       ok=615 fail=0 err=0.0% p50=312ms p95=740ms p99=1206ms statuses[200=615]
  reads      ok=0 fail=30676 err=100.0% p50=55ms p95=226ms p99=492ms statuses[0=10 401=557 429=22987 503=7122]
  webhook    ok=0 fail=6147 err=100.0% p50=56ms p95=358ms p99=650ms statuses[0=1 429=892 503=5254]

[t+36962s] total=98847 rate=2.7/s
  events     ok=0 fail=61344 err=100.0% p50=55ms p95=219ms p99=481ms statuses[0=20 401=2474 429=58850]
  cron       ok=620 fail=0 err=0.0% p50=312ms p95=740ms p99=1206ms statuses[200=620]
  reads      ok=0 fail=30726 err=100.0% p50=55ms p95=226ms p99=492ms statuses[0=10 401=558 429=23026 503=7132]
  webhook    ok=0 fail=6157 err=100.0% p50=56ms p95=358ms p99=650ms statuses[0=1 429=893 503=5263]

[t+37022s] total=99005 rate=2.7/s
  events     ok=0 fail=61443 err=100.0% p50=55ms p95=219ms p99=481ms statuses[0=20 401=2477 429=58946]
  cron       ok=620 fail=0 err=0.0% p50=312ms p95=740ms p99=1206ms statuses[200=620]
  reads      ok=0 fail=30775 err=100.0% p50=55ms p95=226ms p99=492ms statuses[0=10 401=559 429=23064 503=7142]
  webhook    ok=0 fail=6167 err=100.0% p50=56ms p95=358ms p99=650ms statuses[0=1 429=894 503=5272]

[t+37082s] total=99165 rate=2.7/s
  events     ok=0 fail=61543 err=100.0% p50=55ms p95=219ms p99=481ms statuses[0=20 401=2480 429=59043]
  cron       ok=620 fail=0 err=0.0% p50=312ms p95=740ms p99=1206ms statuses[200=620]
  reads      ok=0 fail=30825 err=100.0% p50=55ms p95=226ms p99=492ms statuses[0=10 401=560 429=23103 503=7152]
  webhook    ok=0 fail=6177 err=100.0% p50=56ms p95=358ms p99=650ms statuses[0=1 429=895 503=5281]

[t+37142s] total=99325 rate=2.7/s
  events     ok=0 fail=61643 err=100.0% p50=55ms p95=219ms p99=480ms statuses[0=20 401=2483 429=59140]
  cron       ok=620 fail=0 err=0.0% p50=312ms p95=740ms p99=1206ms statuses[200=620]
  reads      ok=0 fail=30875 err=100.0% p50=55ms p95=226ms p99=492ms statuses[0=10 401=560 429=23143 503=7162]
  webhook    ok=0 fail=6187 err=100.0% p50=56ms p95=358ms p99=650ms statuses[0=1 429=896 503=5290]

[t+37202s] total=99484 rate=2.7/s
  events     ok=0 fail=61742 err=100.0% p50=55ms p95=219ms p99=480ms statuses[0=20 401=2486 429=59236]
  cron       ok=620 fail=0 err=0.0% p50=312ms p95=740ms p99=1206ms statuses[200=620]
  reads      ok=0 fail=30925 err=100.0% p50=55ms p95=226ms p99=492ms statuses[0=10 401=561 429=23182 503=7172]
  webhook    ok=0 fail=6197 err=100.0% p50=56ms p95=358ms p99=650ms statuses[0=1 429=897 503=5299]

[t+37262s] total=99649 rate=2.7/s
  events     ok=0 fail=61842 err=100.0% p50=55ms p95=219ms p99=480ms statuses[0=20 401=2489 429=59333]
  cron       ok=625 fail=0 err=0.0% p50=313ms p95=725ms p99=1206ms statuses[200=625]
  reads      ok=0 fail=30975 err=100.0% p50=55ms p95=226ms p99=492ms statuses[0=10 401=562 429=23221 503=7182]
  webhook    ok=0 fail=6207 err=100.0% p50=56ms p95=358ms p99=647ms statuses[0=1 429=898 503=5308]

[t+37322s] total=99808 rate=2.7/s
  events     ok=0 fail=61941 err=100.0% p50=55ms p95=219ms p99=480ms statuses[0=20 401=2492 429=59429]
  cron       ok=625 fail=0 err=0.0% p50=313ms p95=725ms p99=1206ms statuses[200=625]
  reads      ok=0 fail=31025 err=100.0% p50=55ms p95=226ms p99=491ms statuses[0=10 401=562 429=23261 503=7192]
  webhook    ok=0 fail=6217 err=100.0% p50=56ms p95=358ms p99=647ms statuses[0=1 429=899 503=5317]

[t+37382s] total=99968 rate=2.7/s
  events     ok=0 fail=62041 err=100.0% p50=55ms p95=219ms p99=480ms statuses[0=20 401=2495 429=59526]
  cron       ok=625 fail=0 err=0.0% p50=313ms p95=725ms p99=1206ms statuses[200=625]
  reads      ok=0 fail=31075 err=100.0% p50=55ms p95=226ms p99=491ms statuses[0=10 401=563 429=23300 503=7202]
  webhook    ok=0 fail=6227 err=100.0% p50=56ms p95=358ms p99=647ms statuses[0=1 429=900 503=5326]

[t+37442s] total=100127 rate=2.7/s
  events     ok=0 fail=62140 err=100.0% p50=55ms p95=219ms p99=480ms statuses[0=20 401=2498 429=59622]
  cron       ok=625 fail=0 err=0.0% p50=313ms p95=725ms p99=1206ms statuses[200=625]
  reads      ok=0 fail=31125 err=100.0% p50=55ms p95=226ms p99=491ms statuses[0=10 401=564 429=23339 503=7212]
  webhook    ok=0 fail=6237 err=100.0% p50=55ms p95=358ms p99=647ms statuses[0=1 429=901 503=5335]

[t+37502s] total=100287 rate=2.7/s
  events     ok=0 fail=62240 err=100.0% p50=55ms p95=219ms p99=480ms statuses[0=20 401=2501 429=59719]
  cron       ok=625 fail=0 err=0.0% p50=313ms p95=725ms p99=1206ms statuses[200=625]
  reads      ok=0 fail=31175 err=100.0% p50=55ms p95=226ms p99=491ms statuses[0=10 401=564 429=23379 503=7222]
  webhook    ok=0 fail=6247 err=100.0% p50=55ms p95=358ms p99=647ms statuses[0=1 429=902 503=5344]

[t+37562s] total=100452 rate=2.7/s
  events     ok=0 fail=62340 err=100.0% p50=55ms p95=219ms p99=480ms statuses[0=20 401=2505 429=59815]
  cron       ok=630 fail=0 err=0.0% p50=313ms p95=725ms p99=1206ms statuses[200=630]
  reads      ok=0 fail=31225 err=100.0% p50=55ms p95=226ms p99=490ms statuses[0=10 401=567 429=23413 503=7235]
  webhook    ok=0 fail=6257 err=100.0% p50=56ms p95=358ms p99=647ms statuses[0=1 429=903 503=5353]

[t+37622s] total=100610 rate=2.7/s
  events     ok=0 fail=62439 err=100.0% p50=55ms p95=219ms p99=479ms statuses[0=20 401=2512 429=59907]
  cron       ok=630 fail=0 err=0.0% p50=313ms p95=725ms p99=1206ms statuses[200=630]
  reads      ok=0 fail=31274 err=100.0% p50=55ms p95=226ms p99=490ms statuses[0=10 401=568 429=23436 503=7260]
  webhook    ok=0 fail=6267 err=100.0% p50=55ms p95=358ms p99=647ms statuses[0=1 429=904 503=5362]

[t+37682s] total=100770 rate=2.7/s
  events     ok=0 fail=62539 err=100.0% p50=55ms p95=219ms p99=479ms statuses[0=20 401=2515 429=60004]
  cron       ok=630 fail=0 err=0.0% p50=313ms p95=725ms p99=1206ms statuses[200=630]
  reads      ok=0 fail=31324 err=100.0% p50=55ms p95=226ms p99=489ms statuses[0=10 401=568 429=23474 503=7272]
  webhook    ok=0 fail=6277 err=100.0% p50=55ms p95=358ms p99=647ms statuses[0=1 429=905 503=5371]

[t+37742s] total=100929 rate=2.7/s
  events     ok=0 fail=62638 err=100.0% p50=55ms p95=219ms p99=479ms statuses[0=20 401=2521 429=60097]
  cron       ok=630 fail=0 err=0.0% p50=313ms p95=725ms p99=1206ms statuses[200=630]
  reads      ok=0 fail=31374 err=100.0% p50=55ms p95=226ms p99=489ms statuses[0=10 401=569 429=23513 503=7282]
  webhook    ok=0 fail=6287 err=100.0% p50=55ms p95=358ms p99=647ms statuses[0=1 429=906 503=5380]

[t+37802s] total=101089 rate=2.7/s
  events     ok=0 fail=62738 err=100.0% p50=55ms p95=219ms p99=479ms statuses[0=20 401=2524 429=60194]
  cron       ok=630 fail=0 err=0.0% p50=313ms p95=725ms p99=1206ms statuses[200=630]
  reads      ok=0 fail=31424 err=100.0% p50=55ms p95=226ms p99=487ms statuses[0=10 401=570 429=23552 503=7292]
  webhook    ok=0 fail=6297 err=100.0% p50=55ms p95=358ms p99=647ms statuses[0=1 429=907 503=5389]

[t+37862s] total=101254 rate=2.7/s
  events     ok=0 fail=62838 err=100.0% p50=55ms p95=219ms p99=479ms statuses[0=20 401=2528 429=60290]
  cron       ok=635 fail=0 err=0.0% p50=313ms p95=740ms p99=1206ms statuses[200=635]
  reads      ok=0 fail=31474 err=100.0% p50=55ms p95=226ms p99=487ms statuses[0=10 401=570 429=23592 503=7302]
  webhook    ok=0 fail=6307 err=100.0% p50=55ms p95=358ms p99=646ms statuses[0=1 429=908 503=5398]

[t+37922s] total=101412 rate=2.7/s
  events     ok=0 fail=62937 err=100.0% p50=55ms p95=219ms p99=479ms statuses[0=20 401=2531 429=60386]
  cron       ok=635 fail=0 err=0.0% p50=313ms p95=740ms p99=1206ms statuses[200=635]
  reads      ok=0 fail=31523 err=100.0% p50=55ms p95=225ms p99=487ms statuses[0=10 401=572 429=23625 503=7316]
  webhook    ok=0 fail=6317 err=100.0% p50=55ms p95=358ms p99=646ms statuses[0=1 429=909 503=5407]

[t+37982s] total=101572 rate=2.7/s
  events     ok=0 fail=63037 err=100.0% p50=55ms p95=219ms p99=479ms statuses[0=20 401=2535 429=60482]
  cron       ok=635 fail=0 err=0.0% p50=313ms p95=740ms p99=1206ms statuses[200=635]
  reads      ok=0 fail=31573 err=100.0% p50=55ms p95=225ms p99=487ms statuses[0=10 401=573 429=23664 503=7326]
  webhook    ok=0 fail=6327 err=100.0% p50=55ms p95=358ms p99=646ms statuses[0=1 429=910 503=5416]

[t+38042s] total=101731 rate=2.7/s
  events     ok=0 fail=63136 err=100.0% p50=55ms p95=219ms p99=479ms statuses[0=20 401=2541 429=60575]
  cron       ok=635 fail=0 err=0.0% p50=313ms p95=740ms p99=1206ms statuses[200=635]
  reads      ok=0 fail=31623 err=100.0% p50=55ms p95=225ms p99=487ms statuses[0=10 401=574 429=23703 503=7336]
  webhook    ok=0 fail=6337 err=100.0% p50=55ms p95=358ms p99=647ms statuses[0=1 429=910 503=5426]

[t+38102s] total=101891 rate=2.7/s
  events     ok=0 fail=63236 err=100.0% p50=55ms p95=219ms p99=479ms statuses[0=20 401=2545 429=60671]
  cron       ok=635 fail=0 err=0.0% p50=313ms p95=740ms p99=1206ms statuses[200=635]
  reads      ok=0 fail=31673 err=100.0% p50=55ms p95=225ms p99=487ms statuses[0=10 401=575 429=23742 503=7346]
  webhook    ok=0 fail=6347 err=100.0% p50=55ms p95=358ms p99=647ms statuses[0=1 429=911 503=5435]

[t+38162s] total=102055 rate=2.7/s
  events     ok=0 fail=63335 err=100.0% p50=55ms p95=219ms p99=479ms statuses[0=20 401=2548 429=60767]
  cron       ok=640 fail=0 err=0.0% p50=312ms p95=740ms p99=1206ms statuses[200=640]
  reads      ok=0 fail=31723 err=100.0% p50=55ms p95=225ms p99=487ms statuses[0=10 401=576 429=23781 503=7356]
  webhook    ok=0 fail=6357 err=100.0% p50=55ms p95=358ms p99=647ms statuses[0=1 429=912 503=5444]

[t+38222s] total=102215 rate=2.7/s
  events     ok=0 fail=63435 err=100.0% p50=55ms p95=219ms p99=479ms statuses[0=20 401=2552 429=60863]
  cron       ok=640 fail=0 err=0.0% p50=312ms p95=740ms p99=1206ms statuses[200=640]
  reads      ok=0 fail=31773 err=100.0% p50=55ms p95=225ms p99=487ms statuses[0=10 401=576 429=23821 503=7366]
  webhook    ok=0 fail=6367 err=100.0% p50=55ms p95=358ms p99=647ms statuses[0=1 429=913 503=5453]

[t+38282s] total=102375 rate=2.7/s
  events     ok=0 fail=63535 err=100.0% p50=55ms p95=219ms p99=479ms statuses[0=20 401=2556 429=60959]
  cron       ok=640 fail=0 err=0.0% p50=312ms p95=740ms p99=1206ms statuses[200=640]
  reads      ok=0 fail=31823 err=100.0% p50=55ms p95=225ms p99=487ms statuses[0=10 401=577 429=23859 503=7377]
  webhook    ok=0 fail=6377 err=100.0% p50=55ms p95=358ms p99=647ms statuses[0=1 429=914 503=5462]

[t+38342s] total=102534 rate=2.7/s
  events     ok=0 fail=63634 err=100.0% p50=55ms p95=219ms p99=479ms statuses[0=20 401=2559 429=61055]
  cron       ok=640 fail=0 err=0.0% p50=312ms p95=740ms p99=1206ms statuses[200=640]
  reads      ok=0 fail=31873 err=100.0% p50=55ms p95=225ms p99=487ms statuses[0=10 401=578 429=23898 503=7387]
  webhook    ok=0 fail=6387 err=100.0% p50=55ms p95=358ms p99=650ms statuses[0=1 429=915 503=5471]

[t+38402s] total=102694 rate=2.7/s
  events     ok=0 fail=63734 err=100.0% p50=55ms p95=219ms p99=479ms statuses[0=20 401=2564 429=61150]
  cron       ok=640 fail=0 err=0.0% p50=312ms p95=740ms p99=1206ms statuses[200=640]
  reads      ok=0 fail=31923 err=100.0% p50=55ms p95=225ms p99=487ms statuses[0=10 401=578 429=23938 503=7397]
  webhook    ok=0 fail=6397 err=100.0% p50=55ms p95=359ms p99=650ms statuses[0=1 429=916 503=5480]

[t+38462s] total=102857 rate=2.7/s
  events     ok=0 fail=63833 err=100.0% p50=55ms p95=219ms p99=478ms statuses[0=20 401=2568 429=61245]
  cron       ok=645 fail=0 err=0.0% p50=312ms p95=725ms p99=1206ms statuses[200=645]
  reads      ok=0 fail=31972 err=100.0% p50=55ms p95=225ms p99=487ms statuses[0=10 401=578 429=23977 503=7407]
  webhook    ok=0 fail=6407 err=100.0% p50=55ms p95=358ms p99=647ms statuses[0=1 429=917 503=5489]

[t+38522s] total=103017 rate=2.7/s
  events     ok=0 fail=63933 err=100.0% p50=55ms p95=219ms p99=478ms statuses[0=20 401=2571 429=61342]
  cron       ok=645 fail=0 err=0.0% p50=312ms p95=725ms p99=1206ms statuses[200=645]
  reads      ok=0 fail=32022 err=100.0% p50=55ms p95=225ms p99=487ms statuses[0=10 401=579 429=24016 503=7417]
  webhook    ok=0 fail=6417 err=100.0% p50=55ms p95=359ms p99=647ms statuses[0=1 429=918 503=5498]

[t+38582s] total=103177 rate=2.7/s
  events     ok=0 fail=64033 err=100.0% p50=55ms p95=219ms p99=478ms statuses[0=20 401=2574 429=61439]
  cron       ok=645 fail=0 err=0.0% p50=312ms p95=725ms p99=1206ms statuses[200=645]
  reads      ok=0 fail=32072 err=100.0% p50=55ms p95=225ms p99=487ms statuses[0=10 401=580 429=24055 503=7427]
  webhook    ok=0 fail=6427 err=100.0% p50=55ms p95=361ms p99=647ms statuses[0=1 429=919 503=5507]

[t+38642s] total=103336 rate=2.7/s
  events     ok=0 fail=64132 err=100.0% p50=55ms p95=219ms p99=478ms statuses[0=20 401=2577 429=61535]
  cron       ok=645 fail=0 err=0.0% p50=312ms p95=725ms p99=1206ms statuses[200=645]
  reads      ok=0 fail=32122 err=100.0% p50=55ms p95=225ms p99=486ms statuses[0=10 401=580 429=24095 503=7437]
  webhook    ok=0 fail=6437 err=100.0% p50=55ms p95=362ms p99=647ms statuses[0=1 429=920 503=5516]

[t+38702s] total=103496 rate=2.7/s
  events     ok=0 fail=64232 err=100.0% p50=55ms p95=219ms p99=478ms statuses[0=20 401=2580 429=61632]
  cron       ok=645 fail=0 err=0.0% p50=312ms p95=725ms p99=1206ms statuses[200=645]
  reads      ok=0 fail=32172 err=100.0% p50=55ms p95=225ms p99=486ms statuses[0=10 401=582 429=24132 503=7448]
  webhook    ok=0 fail=6447 err=100.0% p50=55ms p95=362ms p99=647ms statuses[0=1 429=921 503=5525]

[t+38762s] total=103661 rate=2.7/s
  events     ok=0 fail=64332 err=100.0% p50=55ms p95=219ms p99=478ms statuses[0=20 401=2583 429=61729]
  cron       ok=650 fail=0 err=0.0% p50=313ms p95=725ms p99=1206ms statuses[200=650]
  reads      ok=0 fail=32222 err=100.0% p50=55ms p95=225ms p99=484ms statuses[0=10 401=583 429=24171 503=7458]
  webhook    ok=0 fail=6457 err=100.0% p50=55ms p95=363ms p99=647ms statuses[0=1 429=922 503=5534]

[t+38822s] total=103820 rate=2.7/s
  events     ok=0 fail=64431 err=100.0% p50=55ms p95=219ms p99=478ms statuses[0=20 401=2586 429=61825]
  cron       ok=650 fail=0 err=0.0% p50=313ms p95=725ms p99=1206ms statuses[200=650]
  reads      ok=0 fail=32272 err=100.0% p50=55ms p95=225ms p99=484ms statuses[0=10 401=583 429=24211 503=7468]
  webhook    ok=0 fail=6467 err=100.0% p50=55ms p95=362ms p99=647ms statuses[0=1 429=923 503=5543]

[t+38882s] total=103980 rate=2.7/s
  events     ok=0 fail=64531 err=100.0% p50=55ms p95=219ms p99=479ms statuses[0=20 401=2590 429=61921]
  cron       ok=650 fail=0 err=0.0% p50=313ms p95=725ms p99=1206ms statuses[200=650]
  reads      ok=0 fail=32322 err=100.0% p50=55ms p95=225ms p99=486ms statuses[0=10 401=584 429=24250 503=7478]
  webhook    ok=0 fail=6477 err=100.0% p50=56ms p95=363ms p99=647ms statuses[0=1 429=924 503=5552]

[t+38942s] total=104139 rate=2.7/s
  events     ok=0 fail=64630 err=100.0% p50=55ms p95=219ms p99=479ms statuses[0=20 401=2594 429=62016]
  cron       ok=650 fail=0 err=0.0% p50=313ms p95=725ms p99=1206ms statuses[200=650]
  reads      ok=0 fail=32372 err=100.0% p50=55ms p95=225ms p99=486ms statuses[0=10 401=585 429=24289 503=7488]
  webhook    ok=0 fail=6487 err=100.0% p50=56ms p95=362ms p99=647ms statuses[0=1 429=925 503=5561]

[t+39002s] total=104297 rate=2.7/s
  events     ok=0 fail=64729 err=100.0% p50=55ms p95=219ms p99=481ms statuses[0=20 401=2600 429=62109]
  cron       ok=650 fail=0 err=0.0% p50=313ms p95=725ms p99=1206ms statuses[200=650]
  reads      ok=0 fail=32421 err=100.0% p50=55ms p95=226ms p99=491ms statuses[0=10 401=586 429=24328 503=7497]
  webhook    ok=0 fail=6497 err=100.0% p50=56ms p95=363ms p99=650ms statuses[0=1 429=926 503=5570]

[t+39062s] total=104463 rate=2.7/s
  events     ok=0 fail=64830 err=100.0% p50=55ms p95=220ms p99=482ms statuses[0=20 401=2604 429=62206]
  cron       ok=655 fail=0 err=0.0% p50=313ms p95=725ms p99=1206ms statuses[200=655]
  reads      ok=0 fail=32471 err=100.0% p50=55ms p95=226ms p99=492ms statuses[0=10 401=586 429=24368 503=7507]
  webhook    ok=0 fail=6507 err=100.0% p50=56ms p95=364ms p99=650ms statuses[0=1 429=927 503=5579]

[t+39122s] total=104622 rate=2.7/s
  events     ok=0 fail=64929 err=100.0% p50=55ms p95=220ms p99=482ms statuses[0=20 401=2607 429=62302]
  cron       ok=655 fail=0 err=0.0% p50=313ms p95=725ms p99=1206ms statuses[200=655]
  reads      ok=0 fail=32521 err=100.0% p50=55ms p95=226ms p99=492ms statuses[0=10 401=587 429=24407 503=7517]
  webhook    ok=0 fail=6517 err=100.0% p50=56ms p95=364ms p99=650ms statuses[0=1 429=928 503=5588]

[t+39182s] total=104782 rate=2.7/s
  events     ok=0 fail=65029 err=100.0% p50=55ms p95=220ms p99=482ms statuses[0=20 401=2610 429=62399]
  cron       ok=655 fail=0 err=0.0% p50=313ms p95=725ms p99=1206ms statuses[200=655]
  reads      ok=0 fail=32571 err=100.0% p50=55ms p95=226ms p99=492ms statuses[0=10 401=588 429=24445 503=7528]
  webhook    ok=0 fail=6527 err=100.0% p50=56ms p95=363ms p99=650ms statuses[0=1 429=929 503=5597]

[t+39242s] total=104942 rate=2.7/s
  events     ok=0 fail=65129 err=100.0% p50=55ms p95=220ms p99=482ms statuses[0=20 401=2613 429=62496]
  cron       ok=655 fail=0 err=0.0% p50=313ms p95=725ms p99=1206ms statuses[200=655]
  reads      ok=0 fail=32621 err=100.0% p50=55ms p95=226ms p99=491ms statuses[0=10 401=588 429=24485 503=7538]
  webhook    ok=0 fail=6537 err=100.0% p50=56ms p95=364ms p99=653ms statuses[0=1 429=930 503=5606]

[t+39302s] total=105101 rate=2.7/s
  events     ok=0 fail=65228 err=100.0% p50=55ms p95=220ms p99=482ms statuses[0=20 401=2616 429=62592]
  cron       ok=655 fail=0 err=0.0% p50=313ms p95=725ms p99=1206ms statuses[200=655]
  reads      ok=0 fail=32671 err=100.0% p50=55ms p95=226ms p99=491ms statuses[0=10 401=589 429=24525 503=7547]
  webhook    ok=0 fail=6547 err=100.0% p50=56ms p95=364ms p99=660ms statuses[0=1 429=931 503=5615]

[t+39362s] total=105266 rate=2.7/s
  events     ok=0 fail=65328 err=100.0% p50=55ms p95=220ms p99=482ms statuses[0=20 401=2619 429=62689]
  cron       ok=660 fail=0 err=0.0% p50=314ms p95=725ms p99=1206ms statuses[200=660]
  reads      ok=0 fail=32721 err=100.0% p50=55ms p95=226ms p99=491ms statuses[0=10 401=590 429=24563 503=7558]
  webhook    ok=0 fail=6557 err=100.0% p50=56ms p95=364ms p99=660ms statuses[0=1 429=932 503=5624]

[t+39422s] total=105425 rate=2.7/s
  events     ok=0 fail=65427 err=100.0% p50=55ms p95=220ms p99=482ms statuses[0=20 401=2622 429=62785]
  cron       ok=660 fail=0 err=0.0% p50=314ms p95=725ms p99=1206ms statuses[200=660]
  reads      ok=0 fail=32771 err=100.0% p50=55ms p95=226ms p99=491ms statuses[0=10 401=590 429=24602 503=7569]
  webhook    ok=0 fail=6567 err=100.0% p50=56ms p95=364ms p99=660ms statuses[0=1 429=933 503=5633]

[t+39482s] total=105585 rate=2.7/s
  events     ok=0 fail=65527 err=100.0% p50=55ms p95=220ms p99=482ms statuses[0=20 401=2625 429=62882]
  cron       ok=660 fail=0 err=0.0% p50=314ms p95=725ms p99=1206ms statuses[200=660]
  reads      ok=0 fail=32821 err=100.0% p50=55ms p95=226ms p99=490ms statuses[0=10 401=591 429=24642 503=7578]
  webhook    ok=0 fail=6577 err=100.0% p50=56ms p95=364ms p99=660ms statuses[0=1 429=934 503=5642]

[t+39542s] total=105741 rate=2.7/s
  events     ok=0 fail=65624 err=100.0% p50=55ms p95=220ms p99=482ms statuses[0=20 401=2628 429=62976]
  cron       ok=660 fail=0 err=0.0% p50=314ms p95=725ms p99=1206ms statuses[200=660]
  reads      ok=0 fail=32870 err=100.0% p50=55ms p95=226ms p99=491ms statuses[0=10 401=592 429=24680 503=7588]
  webhook    ok=0 fail=6587 err=100.0% p50=56ms p95=363ms p99=660ms statuses[0=1 429=935 503=5651]

[t+39602s] total=105904 rate=2.7/s
  events     ok=0 fail=65726 err=100.0% p50=55ms p95=221ms p99=502ms statuses[0=20 401=2635 429=63071]
  cron       ok=660 fail=0 err=0.0% p50=314ms p95=725ms p99=1206ms statuses[200=660]
  reads      ok=0 fail=32921 err=100.0% p50=55ms p95=227ms p99=507ms statuses[0=10 401=593 429=24715 503=7603]
  webhook    ok=0 fail=6597 err=100.0% p50=56ms p95=366ms p99=681ms statuses[0=1 429=935 503=5661]

[t+39662s] total=106039 rate=2.7/s
  events     ok=0 fail=65808 err=100.0% p50=55ms p95=222ms p99=512ms statuses[0=20 401=2643 429=63145]
  cron       ok=665 fail=0 err=0.0% p50=314ms p95=725ms p99=1210ms statuses[200=665]
  reads      ok=0 fail=32961 err=100.0% p50=55ms p95=227ms p99=510ms statuses[0=10 401=594 429=24738 503=7619]
  webhook    ok=0 fail=6605 err=100.0% p50=56ms p95=368ms p99=682ms statuses[0=1 429=936 503=5668]

[t+39722s] total=106199 rate=2.7/s
  events     ok=0 fail=65908 err=100.0% p50=55ms p95=222ms p99=510ms statuses[0=20 401=2647 429=63241]
  cron       ok=665 fail=0 err=0.0% p50=314ms p95=725ms p99=1210ms statuses[200=665]
  reads      ok=0 fail=33011 err=100.0% p50=55ms p95=227ms p99=510ms statuses[0=10 401=595 429=24773 503=7633]
  webhook    ok=0 fail=6615 err=100.0% p50=56ms p95=368ms p99=682ms statuses[0=1 429=938 503=5676]

[t+39782s] total=106359 rate=2.7/s
  events     ok=0 fail=66008 err=100.0% p50=55ms p95=222ms p99=510ms statuses[0=20 401=2651 429=63337]
  cron       ok=665 fail=0 err=0.0% p50=314ms p95=725ms p99=1210ms statuses[200=665]
  reads      ok=0 fail=33061 err=100.0% p50=55ms p95=227ms p99=510ms statuses[0=10 401=595 429=24812 503=7644]
  webhook    ok=0 fail=6625 err=100.0% p50=56ms p95=367ms p99=682ms statuses[0=1 429=940 503=5684]

[t+39842s] total=106518 rate=2.7/s
  events     ok=0 fail=66107 err=100.0% p50=55ms p95=221ms p99=509ms statuses[0=20 401=2656 429=63431]
  cron       ok=665 fail=0 err=0.0% p50=314ms p95=725ms p99=1210ms statuses[200=665]
  reads      ok=0 fail=33111 err=100.0% p50=55ms p95=227ms p99=510ms statuses[0=10 401=596 429=24850 503=7655]
  webhook    ok=0 fail=6635 err=100.0% p50=56ms p95=367ms p99=682ms statuses[0=1 429=942 503=5692]

[t+39902s] total=106678 rate=2.7/s
  events     ok=0 fail=66207 err=100.0% p50=55ms p95=221ms p99=508ms statuses[0=20 401=2661 429=63526]
  cron       ok=665 fail=0 err=0.0% p50=314ms p95=725ms p99=1210ms statuses[200=665]
  reads      ok=0 fail=33161 err=100.0% p50=55ms p95=227ms p99=510ms statuses[0=10 401=597 429=24889 503=7665]
  webhook    ok=0 fail=6645 err=100.0% p50=56ms p95=367ms p99=682ms statuses[0=1 429=944 503=5700]

[t+39962s] total=106842 rate=2.7/s
  events     ok=0 fail=66306 err=100.0% p50=55ms p95=221ms p99=508ms statuses[0=20 401=2664 429=63622]
  cron       ok=670 fail=0 err=0.0% p50=314ms p95=725ms p99=1210ms statuses[200=670]
  reads      ok=0 fail=33211 err=100.0% p50=55ms p95=227ms p99=509ms statuses[0=10 401=600 429=24925 503=7676]
  webhook    ok=0 fail=6655 err=100.0% p50=56ms p95=367ms p99=682ms statuses[0=1 429=946 503=5708]

[t+40022s] total=107002 rate=2.7/s
  events     ok=0 fail=66406 err=100.0% p50=55ms p95=221ms p99=508ms statuses[0=20 401=2676 429=63710]
  cron       ok=670 fail=0 err=0.0% p50=314ms p95=725ms p99=1210ms statuses[200=670]
  reads      ok=0 fail=33261 err=100.0% p50=55ms p95=227ms p99=510ms statuses[0=10 401=600 429=24959 503=7692]
  webhook    ok=0 fail=6665 err=100.0% p50=56ms p95=367ms p99=682ms statuses[0=1 429=947 503=5717]

[t+40082s] total=107162 rate=2.7/s
  events     ok=0 fail=66506 err=100.0% p50=55ms p95=221ms p99=508ms statuses[0=20 401=2680 429=63806]
  cron       ok=670 fail=0 err=0.0% p50=314ms p95=725ms p99=1210ms statuses[200=670]
  reads      ok=0 fail=33311 err=100.0% p50=55ms p95=227ms p99=509ms statuses[0=10 401=601 429=24997 503=7703]
  webhook    ok=0 fail=6675 err=100.0% p50=56ms p95=367ms p99=682ms statuses[0=1 429=949 503=5725]

[t+40142s] total=107321 rate=2.7/s
  events     ok=0 fail=66605 err=100.0% p50=55ms p95=221ms p99=507ms statuses[0=20 401=2684 429=63901]
  cron       ok=670 fail=0 err=0.0% p50=314ms p95=725ms p99=1210ms statuses[200=670]
  reads      ok=0 fail=33361 err=100.0% p50=55ms p95=227ms p99=509ms statuses[0=10 401=602 429=25035 503=7714]
  webhook    ok=0 fail=6685 err=100.0% p50=56ms p95=366ms p99=682ms statuses[0=1 429=951 503=5733]

[t+40202s] total=107480 rate=2.7/s
  events     ok=0 fail=66705 err=100.0% p50=55ms p95=221ms p99=507ms statuses[0=20 401=2690 429=63995]
  cron       ok=670 fail=0 err=0.0% p50=314ms p95=725ms p99=1210ms statuses[200=670]
  reads      ok=0 fail=33410 err=100.0% p50=55ms p95=227ms p99=508ms statuses[0=10 401=603 429=25073 503=7724]
  webhook    ok=0 fail=6695 err=100.0% p50=56ms p95=366ms p99=682ms statuses[0=1 429=953 503=5741]

[t+40262s] total=107644 rate=2.7/s
  events     ok=0 fail=66804 err=100.0% p50=55ms p95=221ms p99=507ms statuses[0=20 401=2693 429=64091]
  cron       ok=675 fail=0 err=0.0% p50=314ms p95=725ms p99=1210ms statuses[200=675]
  reads      ok=0 fail=33460 err=100.0% p50=55ms p95=227ms p99=509ms statuses[0=10 401=608 429=25105 503=7737]
  webhook    ok=0 fail=6705 err=100.0% p50=56ms p95=366ms p99=681ms statuses[0=1 429=955 503=5749]

[t+40322s] total=107804 rate=2.7/s
  events     ok=0 fail=66904 err=100.0% p50=55ms p95=221ms p99=507ms statuses[0=20 401=2704 429=64180]
  cron       ok=675 fail=0 err=0.0% p50=314ms p95=725ms p99=1210ms statuses[200=675]
  reads      ok=0 fail=33510 err=100.0% p50=55ms p95=227ms p99=508ms statuses[0=10 401=608 429=25137 503=7755]
  webhook    ok=0 fail=6715 err=100.0% p50=56ms p95=366ms p99=681ms statuses[0=1 429=957 503=5757]

[t+40382s] total=107964 rate=2.7/s
  events     ok=0 fail=67004 err=100.0% p50=55ms p95=221ms p99=506ms statuses[0=20 401=2709 429=64275]
  cron       ok=675 fail=0 err=0.0% p50=314ms p95=725ms p99=1210ms statuses[200=675]
  reads      ok=0 fail=33560 err=100.0% p50=55ms p95=227ms p99=508ms statuses[0=10 401=609 429=25176 503=7765]
  webhook    ok=0 fail=6725 err=100.0% p50=56ms p95=366ms p99=682ms statuses[0=1 429=959 503=5765]

[t+40442s] total=108123 rate=2.7/s
  events     ok=0 fail=67103 err=100.0% p50=55ms p95=221ms p99=506ms statuses[0=20 401=2712 429=64371]
  cron       ok=675 fail=0 err=0.0% p50=314ms p95=725ms p99=1210ms statuses[200=675]
  reads      ok=0 fail=33610 err=100.0% p50=55ms p95=227ms p99=508ms statuses[0=10 401=611 429=25210 503=7779]
  webhook    ok=0 fail=6735 err=100.0% p50=56ms p95=366ms p99=682ms statuses[0=1 429=960 503=5774]

[t+40502s] total=108283 rate=2.7/s
  events     ok=0 fail=67203 err=100.0% p50=55ms p95=221ms p99=506ms statuses[0=20 401=2715 429=64468]
  cron       ok=675 fail=0 err=0.0% p50=314ms p95=725ms p99=1210ms statuses[200=675]
  reads      ok=0 fail=33660 err=100.0% p50=55ms p95=227ms p99=508ms statuses[0=10 401=611 429=25248 503=7791]
  webhook    ok=0 fail=6745 err=100.0% p50=56ms p95=366ms p99=682ms statuses[0=1 429=962 503=5782]

[t+40562s] total=108447 rate=2.7/s
  events     ok=0 fail=67302 err=100.0% p50=55ms p95=221ms p99=506ms statuses[0=20 401=2721 429=64561]
  cron       ok=680 fail=0 err=0.0% p50=314ms p95=725ms p99=1210ms statuses[200=680]
  reads      ok=0 fail=33710 err=100.0% p50=55ms p95=227ms p99=508ms statuses[0=10 401=612 429=25286 503=7802]
  webhook    ok=0 fail=6755 err=100.0% p50=56ms p95=366ms p99=682ms statuses[0=1 429=963 503=5791]

[t+40622s] total=108607 rate=2.7/s
  events     ok=0 fail=67402 err=100.0% p50=55ms p95=221ms p99=506ms statuses[0=20 401=2725 429=64657]
  cron       ok=680 fail=0 err=0.0% p50=314ms p95=725ms p99=1210ms statuses[200=680]
  reads      ok=0 fail=33760 err=100.0% p50=55ms p95=227ms p99=508ms statuses[0=10 401=614 429=25310 503=7826]
  webhook    ok=0 fail=6765 err=100.0% p50=56ms p95=366ms p99=682ms statuses[0=1 429=965 503=5799]

[t+40682s] total=108767 rate=2.7/s
  events     ok=0 fail=67502 err=100.0% p50=55ms p95=221ms p99=505ms statuses[0=20 401=2732 429=64750]
  cron       ok=680 fail=0 err=0.0% p50=314ms p95=725ms p99=1210ms statuses[200=680]
  reads      ok=0 fail=33810 err=100.0% p50=55ms p95=227ms p99=507ms statuses[0=10 401=615 429=25345 503=7840]
  webhook    ok=0 fail=6775 err=100.0% p50=56ms p95=366ms p99=682ms statuses[0=1 429=967 503=5807]

[t+40742s] total=108926 rate=2.7/s
  events     ok=0 fail=67601 err=100.0% p50=55ms p95=221ms p99=505ms statuses[0=20 401=2740 429=64841]
  cron       ok=680 fail=0 err=0.0% p50=314ms p95=725ms p99=1210ms statuses[200=680]
  reads      ok=0 fail=33860 err=100.0% p50=55ms p95=227ms p99=507ms statuses[0=10 401=616 429=25384 503=7850]
  webhook    ok=0 fail=6785 err=100.0% p50=56ms p95=367ms p99=682ms statuses[0=1 429=968 503=5816]

[t+40802s] total=109085 rate=2.7/s
  events     ok=0 fail=67701 err=100.0% p50=55ms p95=221ms p99=505ms statuses[0=20 401=2743 429=64938]
  cron       ok=680 fail=0 err=0.0% p50=314ms p95=725ms p99=1210ms statuses[200=680]
  reads      ok=0 fail=33909 err=100.0% p50=55ms p95=227ms p99=507ms statuses[0=10 401=617 429=25422 503=7860]
  webhook    ok=0 fail=6795 err=100.0% p50=56ms p95=367ms p99=682ms statuses[0=1 429=970 503=5824]

[t+40862s] total=109250 rate=2.7/s
  events     ok=0 fail=67801 err=100.0% p50=55ms p95=221ms p99=504ms statuses[0=20 401=2746 429=65035]
  cron       ok=685 fail=0 err=0.0% p50=314ms p95=722ms p99=1210ms statuses[200=685]
  reads      ok=0 fail=33959 err=100.0% p50=55ms p95=227ms p99=507ms statuses[0=10 401=617 429=25458 503=7874]
  webhook    ok=0 fail=6805 err=100.0% p50=56ms p95=367ms p99=681ms statuses[0=1 429=972 503=5832]

[t+40922s] total=109409 rate=2.7/s
  events     ok=0 fail=67900 err=100.0% p50=55ms p95=221ms p99=504ms statuses[0=20 401=2750 429=65130]
  cron       ok=685 fail=0 err=0.0% p50=314ms p95=722ms p99=1210ms statuses[200=685]
  reads      ok=0 fail=34009 err=100.0% p50=55ms p95=227ms p99=507ms statuses[0=10 401=618 429=25496 503=7885]
  webhook    ok=0 fail=6815 err=100.0% p50=56ms p95=367ms p99=681ms statuses[0=1 429=973 503=5841]

[t+40982s] total=109569 rate=2.7/s
  events     ok=0 fail=68000 err=100.0% p50=55ms p95=220ms p99=504ms statuses[0=20 401=2760 429=65220]
  cron       ok=685 fail=0 err=0.0% p50=314ms p95=722ms p99=1210ms statuses[200=685]
  reads      ok=0 fail=34059 err=100.0% p50=55ms p95=227ms p99=507ms statuses[0=10 401=619 429=25528 503=7902]
  webhook    ok=0 fail=6825 err=100.0% p50=55ms p95=366ms p99=681ms statuses[0=1 429=974 503=5850]

[t+41042s] total=109728 rate=2.7/s
  events     ok=0 fail=68099 err=100.0% p50=55ms p95=220ms p99=504ms statuses[0=20 401=2764 429=65315]
  cron       ok=685 fail=0 err=0.0% p50=314ms p95=722ms p99=1210ms statuses[200=685]
  reads      ok=0 fail=34109 err=100.0% p50=55ms p95=227ms p99=506ms statuses[0=10 401=619 429=25567 503=7913]
  webhook    ok=0 fail=6835 err=100.0% p50=55ms p95=367ms p99=681ms statuses[0=1 429=976 503=5858]

[t+41102s] total=109888 rate=2.7/s
  events     ok=0 fail=68199 err=100.0% p50=55ms p95=220ms p99=504ms statuses[0=20 401=2768 429=65411]
  cron       ok=685 fail=0 err=0.0% p50=314ms p95=722ms p99=1210ms statuses[200=685]
  reads      ok=0 fail=34159 err=100.0% p50=55ms p95=227ms p99=506ms statuses[0=10 401=620 429=25606 503=7923]
  webhook    ok=0 fail=6845 err=100.0% p50=55ms p95=367ms p99=681ms statuses[0=1 429=978 503=5866]

[t+41162s] total=110052 rate=2.7/s
  events     ok=0 fail=68298 err=100.0% p50=55ms p95=220ms p99=503ms statuses[0=20 401=2772 429=65506]
  cron       ok=690 fail=0 err=0.0% p50=313ms p95=722ms p99=1210ms statuses[200=690]
  reads      ok=0 fail=34209 err=100.0% p50=55ms p95=227ms p99=506ms statuses[0=10 401=623 429=25639 503=7937]
  webhook    ok=0 fail=6855 err=100.0% p50=55ms p95=367ms p99=682ms statuses[0=1 429=979 503=5875]

[t+41222s] total=110212 rate=2.7/s
  events     ok=0 fail=68398 err=100.0% p50=55ms p95=220ms p99=503ms statuses[0=20 401=2778 429=65600]
  cron       ok=690 fail=0 err=0.0% p50=313ms p95=722ms p99=1210ms statuses[200=690]
  reads      ok=0 fail=34259 err=100.0% p50=55ms p95=227ms p99=506ms statuses[0=10 401=623 429=25673 503=7953]
  webhook    ok=0 fail=6865 err=100.0% p50=55ms p95=368ms p99=682ms statuses[0=1 429=980 503=5884]

[t+41282s] total=110372 rate=2.7/s
  events     ok=0 fail=68498 err=100.0% p50=55ms p95=220ms p99=503ms statuses[0=20 401=2788 429=65690]
  cron       ok=690 fail=0 err=0.0% p50=313ms p95=722ms p99=1210ms statuses[200=690]
  reads      ok=0 fail=34309 err=100.0% p50=55ms p95=227ms p99=506ms statuses[0=10 401=623 429=25705 503=7971]
  webhook    ok=0 fail=6875 err=100.0% p50=55ms p95=368ms p99=682ms statuses[0=1 429=981 503=5893]

[t+41342s] total=110531 rate=2.7/s
  events     ok=0 fail=68597 err=100.0% p50=54ms p95=220ms p99=503ms statuses[0=20 401=2792 429=65785]
  cron       ok=690 fail=0 err=0.0% p50=313ms p95=722ms p99=1210ms statuses[200=690]
  reads      ok=0 fail=34359 err=100.0% p50=55ms p95=227ms p99=506ms statuses[0=10 401=624 429=25743 503=7982]
  webhook    ok=0 fail=6885 err=100.0% p50=55ms p95=367ms p99=682ms statuses[0=1 429=983 503=5901]

[t+41402s] total=110690 rate=2.7/s
  events     ok=0 fail=68697 err=100.0% p50=54ms p95=220ms p99=503ms statuses[0=20 401=2798 429=65879]
  cron       ok=690 fail=0 err=0.0% p50=313ms p95=722ms p99=1210ms statuses[200=690]
  reads      ok=0 fail=34408 err=100.0% p50=55ms p95=226ms p99=505ms statuses[0=10 401=624 429=25781 503=7993]
  webhook    ok=0 fail=6895 err=100.0% p50=55ms p95=368ms p99=685ms statuses[0=1 429=984 503=5910]

[t+41462s] total=110854 rate=2.7/s
  events     ok=0 fail=68796 err=100.0% p50=54ms p95=220ms p99=503ms statuses[0=20 401=2804 429=65972]
  cron       ok=695 fail=0 err=0.0% p50=314ms p95=725ms p99=1210ms statuses[200=695]
  reads      ok=0 fail=34458 err=100.0% p50=55ms p95=226ms p99=505ms statuses[0=10 401=625 429=25817 503=8006]
  webhook    ok=0 fail=6905 err=100.0% p50=55ms p95=367ms p99=682ms statuses[0=1 429=985 503=5919]

[t+41522s] total=111014 rate=2.7/s
  events     ok=0 fail=68896 err=100.0% p50=54ms p95=220ms p99=502ms statuses[0=20 401=2808 429=66068]
  cron       ok=695 fail=0 err=0.0% p50=314ms p95=725ms p99=1210ms statuses[200=695]
  reads      ok=0 fail=34508 err=100.0% p50=55ms p95=226ms p99=505ms statuses[0=10 401=626 429=25855 503=8017]
  webhook    ok=0 fail=6915 err=100.0% p50=55ms p95=367ms p99=682ms statuses[0=1 429=987 503=5927]

[t+41582s] total=111173 rate=2.7/s
  events     ok=0 fail=68995 err=100.0% p50=55ms p95=220ms p99=502ms statuses[0=20 401=2812 429=66163]
  cron       ok=695 fail=0 err=0.0% p50=314ms p95=725ms p99=1210ms statuses[200=695]
  reads      ok=0 fail=34558 err=100.0% p50=55ms p95=226ms p99=505ms statuses[0=10 401=626 429=25894 503=8028]
  webhook    ok=0 fail=6925 err=100.0% p50=55ms p95=367ms p99=682ms statuses[0=1 429=989 503=5935]

[t+41642s] total=111332 rate=2.7/s
  events     ok=0 fail=69095 err=100.0% p50=55ms p95=220ms p99=502ms statuses[0=20 401=2818 429=66257]
  cron       ok=695 fail=0 err=0.0% p50=314ms p95=725ms p99=1210ms statuses[200=695]
  reads      ok=0 fail=34607 err=100.0% p50=55ms p95=226ms p99=505ms statuses[0=10 401=627 429=25932 503=8038]
  webhook    ok=0 fail=6935 err=100.0% p50=55ms p95=367ms p99=685ms statuses[0=1 429=990 503=5944]

[t+41702s] total=111491 rate=2.7/s
  events     ok=0 fail=69194 err=100.0% p50=55ms p95=220ms p99=501ms statuses[0=20 401=2822 429=66352]
  cron       ok=695 fail=0 err=0.0% p50=314ms p95=725ms p99=1210ms statuses[200=695]
  reads      ok=0 fail=34657 err=100.0% p50=55ms p95=226ms p99=505ms statuses[0=10 401=629 429=25970 503=8048]
  webhook    ok=0 fail=6945 err=100.0% p50=55ms p95=367ms p99=685ms statuses[0=1 429=992 503=5952]

[t+41762s] total=111656 rate=2.7/s
  events     ok=0 fail=69294 err=100.0% p50=55ms p95=220ms p99=501ms statuses[0=20 401=2825 429=66449]
  cron       ok=700 fail=0 err=0.0% p50=314ms p95=725ms p99=1210ms statuses[200=700]
  reads      ok=0 fail=34707 err=100.0% p50=55ms p95=226ms p99=504ms statuses[0=10 401=631 429=25998 503=8068]
  webhook    ok=0 fail=6955 err=100.0% p50=55ms p95=367ms p99=685ms statuses[0=1 429=994 503=5960]

[t+41822s] total=111816 rate=2.7/s
  events     ok=0 fail=69394 err=100.0% p50=55ms p95=220ms p99=501ms statuses[0=20 401=2835 429=66539]
  cron       ok=700 fail=0 err=0.0% p50=314ms p95=725ms p99=1210ms statuses[200=700]
  reads      ok=0 fail=34757 err=100.0% p50=55ms p95=226ms p99=504ms statuses[0=10 401=631 429=26030 503=8086]
  webhook    ok=0 fail=6965 err=100.0% p50=55ms p95=367ms p99=685ms statuses[0=1 429=996 503=5968]

[t+41882s] total=111975 rate=2.7/s
  events     ok=0 fail=69493 err=100.0% p50=55ms p95=220ms p99=501ms statuses[0=20 401=2839 429=66634]
  cron       ok=700 fail=0 err=0.0% p50=314ms p95=725ms p99=1210ms statuses[200=700]
  reads      ok=0 fail=34807 err=100.0% p50=55ms p95=226ms p99=503ms statuses[0=10 401=632 429=26068 503=8097]
  webhook    ok=0 fail=6975 err=100.0% p50=55ms p95=367ms p99=685ms statuses[0=1 429=998 503=5976]

[t+41942s] total=112135 rate=2.7/s
  events     ok=0 fail=69593 err=100.0% p50=55ms p95=220ms p99=501ms statuses[0=20 401=2843 429=66730]
  cron       ok=700 fail=0 err=0.0% p50=314ms p95=725ms p99=1210ms statuses[200=700]
  reads      ok=0 fail=34857 err=100.0% p50=55ms p95=226ms p99=503ms statuses[0=10 401=632 429=26107 503=8108]
  webhook    ok=0 fail=6985 err=100.0% p50=55ms p95=366ms p99=685ms statuses[0=1 429=1000 503=5984]

[t+42002s] total=112295 rate=2.7/s
  events     ok=0 fail=69693 err=100.0% p50=55ms p95=220ms p99=500ms statuses[0=20 401=2848 429=66825]
  cron       ok=700 fail=0 err=0.0% p50=314ms p95=725ms p99=1210ms statuses[200=700]
  reads      ok=0 fail=34907 err=100.0% p50=55ms p95=226ms p99=503ms statuses[0=10 401=633 429=26146 503=8118]
  webhook    ok=0 fail=6995 err=100.0% p50=55ms p95=366ms p99=685ms statuses[0=1 429=1001 503=5993]

[t+42062s] total=112459 rate=2.7/s
  events     ok=0 fail=69792 err=100.0% p50=55ms p95=220ms p99=500ms statuses[0=20 401=2851 429=66921]
  cron       ok=705 fail=0 err=0.0% p50=314ms p95=722ms p99=1206ms statuses[200=705]
  reads      ok=0 fail=34957 err=100.0% p50=55ms p95=226ms p99=503ms statuses[0=10 401=634 429=26184 503=8129]
  webhook    ok=0 fail=7005 err=100.0% p50=55ms p95=366ms p99=682ms statuses[0=1 429=1003 503=6001]

[t+42122s] total=112619 rate=2.7/s
  events     ok=0 fail=69892 err=100.0% p50=55ms p95=220ms p99=499ms statuses[0=20 401=2858 429=67014]
  cron       ok=705 fail=0 err=0.0% p50=314ms p95=722ms p99=1206ms statuses[200=705]
  reads      ok=0 fail=35007 err=100.0% p50=55ms p95=226ms p99=503ms statuses[0=10 401=636 429=26216 503=8145]
  webhook    ok=0 fail=7015 err=100.0% p50=55ms p95=366ms p99=682ms statuses[0=1 429=1004 503=6010]

[t+42182s] total=112778 rate=2.7/s
  events     ok=0 fail=69991 err=100.0% p50=55ms p95=220ms p99=499ms statuses[0=20 401=2868 429=67103]
  cron       ok=705 fail=0 err=0.0% p50=314ms p95=722ms p99=1206ms statuses[200=705]
  reads      ok=0 fail=35057 err=100.0% p50=55ms p95=226ms p99=503ms statuses[0=10 401=637 429=26254 503=8156]
  webhook    ok=0 fail=7025 err=100.0% p50=55ms p95=366ms p99=682ms statuses[0=1 429=1005 503=6019]

[t+42242s] total=112937 rate=2.7/s
  events     ok=0 fail=70091 err=100.0% p50=55ms p95=219ms p99=499ms statuses[0=20 401=2871 429=67200]
  cron       ok=705 fail=0 err=0.0% p50=314ms p95=722ms p99=1206ms statuses[200=705]
  reads      ok=0 fail=35106 err=100.0% p50=55ms p95=226ms p99=503ms statuses[0=10 401=639 429=26288 503=8169]
  webhook    ok=0 fail=7035 err=100.0% p50=55ms p95=366ms p99=682ms statuses[0=1 429=1007 503=6027]

[t+42302s] total=113097 rate=2.7/s
  events     ok=0 fail=70191 err=100.0% p50=55ms p95=219ms p99=499ms statuses[0=20 401=2875 429=67296]
  cron       ok=705 fail=0 err=0.0% p50=314ms p95=722ms p99=1206ms statuses[200=705]
  reads      ok=0 fail=35156 err=100.0% p50=55ms p95=226ms p99=503ms statuses[0=10 401=639 429=26327 503=8180]
  webhook    ok=0 fail=7045 err=100.0% p50=55ms p95=366ms p99=682ms statuses[0=1 429=1009 503=6035]

[t+42362s] total=113261 rate=2.7/s
  events     ok=0 fail=70290 err=100.0% p50=55ms p95=219ms p99=499ms statuses[0=20 401=2879 429=67391]
  cron       ok=710 fail=0 err=0.0% p50=314ms p95=722ms p99=1206ms statuses[200=710]
  reads      ok=0 fail=35206 err=100.0% p50=55ms p95=226ms p99=503ms statuses[0=10 401=642 429=26363 503=8191]
  webhook    ok=0 fail=7055 err=100.0% p50=55ms p95=366ms p99=682ms statuses[0=1 429=1011 503=6043]

[t+42422s] total=113421 rate=2.7/s
  events     ok=0 fail=70390 err=100.0% p50=55ms p95=219ms p99=498ms statuses[0=20 401=2887 429=67483]
  cron       ok=710 fail=0 err=0.0% p50=314ms p95=722ms p99=1206ms statuses[200=710]
  reads      ok=0 fail=35256 err=100.0% p50=55ms p95=225ms p99=503ms statuses[0=10 401=643 429=26392 503=8211]
  webhook    ok=0 fail=7065 err=100.0% p50=55ms p95=366ms p99=682ms statuses[0=1 429=1012 503=6052]

[t+42482s] total=113580 rate=2.7/s
  events     ok=0 fail=70489 err=100.0% p50=55ms p95=219ms p99=498ms statuses[0=20 401=2892 429=67577]
  cron       ok=710 fail=0 err=0.0% p50=314ms p95=722ms p99=1206ms statuses[200=710]
  reads      ok=0 fail=35306 err=100.0% p50=55ms p95=225ms p99=503ms statuses[0=10 401=643 429=26431 503=8222]
  webhook    ok=0 fail=7075 err=100.0% p50=55ms p95=366ms p99=682ms statuses[0=1 429=1013 503=6061]

[t+42542s] total=113740 rate=2.7/s
  events     ok=0 fail=70589 err=100.0% p50=55ms p95=219ms p99=498ms statuses[0=20 401=2895 429=67674]
  cron       ok=710 fail=0 err=0.0% p50=314ms p95=722ms p99=1206ms statuses[200=710]
  reads      ok=0 fail=35356 err=100.0% p50=55ms p95=225ms p99=503ms statuses[0=10 401=644 429=26470 503=8232]
  webhook    ok=0 fail=7085 err=100.0% p50=55ms p95=366ms p99=682ms statuses[0=1 429=1015 503=6069]

[t+42602s] total=113900 rate=2.7/s
  events     ok=0 fail=70689 err=100.0% p50=55ms p95=219ms p99=498ms statuses[0=20 401=2898 429=67771]
  cron       ok=710 fail=0 err=0.0% p50=314ms p95=722ms p99=1206ms statuses[200=710]
  reads      ok=0 fail=35406 err=100.0% p50=55ms p95=225ms p99=501ms statuses[0=10 401=645 429=26509 503=8242]
  webhook    ok=0 fail=7095 err=100.0% p50=55ms p95=366ms p99=682ms statuses[0=1 429=1017 503=6077]

[t+42662s] total=114064 rate=2.7/s
  events     ok=0 fail=70788 err=100.0% p50=55ms p95=219ms p99=498ms statuses[0=20 401=2904 429=67864]
  cron       ok=715 fail=0 err=0.0% p50=314ms p95=722ms p99=1206ms statuses[200=715]
  reads      ok=0 fail=35456 err=100.0% p50=55ms p95=225ms p99=501ms statuses[0=10 401=646 429=26546 503=8254]
  webhook    ok=0 fail=7105 err=100.0% p50=55ms p95=365ms p99=681ms statuses[0=1 429=1019 503=6085]

[t+42722s] total=114224 rate=2.7/s
  events     ok=0 fail=70888 err=100.0% p50=55ms p95=219ms p99=497ms statuses[0=20 401=2907 429=67961]
  cron       ok=715 fail=0 err=0.0% p50=314ms p95=722ms p99=1206ms statuses[200=715]
  reads      ok=0 fail=35506 err=100.0% p50=55ms p95=225ms p99=499ms statuses[0=10 401=649 429=26575 503=8272]
  webhook    ok=0 fail=7115 err=100.0% p50=55ms p95=365ms p99=681ms statuses[0=1 429=1020 503=6094]

[t+42782s] total=114382 rate=2.7/s
  events     ok=0 fail=70987 err=100.0% p50=55ms p95=219ms p99=497ms statuses[0=20 401=2910 429=68057]
  cron       ok=715 fail=0 err=0.0% p50=314ms p95=722ms p99=1206ms statuses[200=715]
  reads      ok=0 fail=35555 err=100.0% p50=55ms p95=225ms p99=499ms statuses[0=10 401=650 429=26610 503=8285]
  webhook    ok=0 fail=7125 err=100.0% p50=55ms p95=365ms p99=681ms statuses[0=1 429=1021 503=6103]

[t+42842s] total=114542 rate=2.7/s
  events     ok=0 fail=71087 err=100.0% p50=55ms p95=219ms p99=497ms statuses[0=20 401=2920 429=68147]
  cron       ok=715 fail=0 err=0.0% p50=314ms p95=722ms p99=1206ms statuses[200=715]
  reads      ok=0 fail=35605 err=100.0% p50=55ms p95=225ms p99=499ms statuses[0=10 401=651 429=26648 503=8296]
  webhook    ok=0 fail=7135 err=100.0% p50=55ms p95=365ms p99=681ms statuses[0=1 429=1022 503=6112]

[t+42902s] total=114702 rate=2.7/s
  events     ok=0 fail=71187 err=100.0% p50=55ms p95=219ms p99=497ms statuses[0=20 401=2925 429=68242]
  cron       ok=715 fail=0 err=0.0% p50=314ms p95=722ms p99=1206ms statuses[200=715]
  reads      ok=0 fail=35655 err=100.0% p50=55ms p95=225ms p99=499ms statuses[0=10 401=653 429=26683 503=8309]
  webhook    ok=0 fail=7145 err=100.0% p50=55ms p95=364ms p99=681ms statuses[0=1 429=1023 503=6121]

[t+42962s] total=114866 rate=2.7/s
  events     ok=0 fail=71286 err=100.0% p50=54ms p95=219ms p99=496ms statuses[0=20 401=2928 429=68338]
  cron       ok=720 fail=0 err=0.0% p50=314ms p95=722ms p99=1206ms statuses[200=720]
  reads      ok=0 fail=35705 err=100.0% p50=54ms p95=224ms p99=499ms statuses[0=10 401=654 429=26722 503=8319]
  webhook    ok=0 fail=7155 err=100.0% p50=55ms p95=364ms p99=681ms statuses[0=1 429=1025 503=6129]

[t+43022s] total=115026 rate=2.7/s
  events     ok=0 fail=71386 err=100.0% p50=54ms p95=219ms p99=496ms statuses[0=20 401=2933 429=68433]
  cron       ok=720 fail=0 err=0.0% p50=314ms p95=722ms p99=1206ms statuses[200=720]
  reads      ok=0 fail=35755 err=100.0% p50=54ms p95=224ms p99=499ms statuses[0=10 401=654 429=26761 503=8330]
  webhook    ok=0 fail=7165 err=100.0% p50=55ms p95=364ms p99=681ms statuses[0=1 429=1027 503=6137]

[t+43082s] total=115186 rate=2.7/s
  events     ok=0 fail=71486 err=100.0% p50=54ms p95=219ms p99=496ms statuses[0=20 401=2936 429=68530]
  cron       ok=720 fail=0 err=0.0% p50=314ms p95=722ms p99=1206ms statuses[200=720]
  reads      ok=0 fail=35805 err=100.0% p50=54ms p95=224ms p99=498ms statuses[0=10 401=656 429=26797 503=8342]
  webhook    ok=0 fail=7175 err=100.0% p50=55ms p95=364ms p99=681ms statuses[0=1 429=1029 503=6145]

[t+43142s] total=115345 rate=2.7/s
  events     ok=0 fail=71585 err=100.0% p50=54ms p95=219ms p99=496ms statuses[0=20 401=2941 429=68624]
  cron       ok=720 fail=0 err=0.0% p50=314ms p95=722ms p99=1206ms statuses[200=720]
  reads      ok=0 fail=35855 err=100.0% p50=54ms p95=224ms p99=498ms statuses[0=10 401=657 429=26827 503=8361]
  webhook    ok=0 fail=7185 err=100.0% p50=55ms p95=364ms p99=681ms statuses[0=1 429=1030 503=6154]

=== FINAL SUMMARY (720min mixed mode) ===

[t+43200s] total=115499 rate=2.7/s
  events     ok=0 fail=71681 err=100.0% p50=54ms p95=219ms p99=496ms statuses[0=20 401=2949 429=68712]
  cron       ok=720 fail=0 err=0.0% p50=314ms p95=722ms p99=1206ms statuses[200=720]
  reads      ok=0 fail=35903 err=100.0% p50=54ms p95=224ms p99=498ms statuses[0=10 401=657 429=26864 503=8372]
  webhook    ok=0 fail=7195 err=100.0% p50=55ms p95=365ms p99=681ms statuses[0=1 429=1032 503=6162]
::error::Load harness failed: Evidence output must stay under docs/staging: /private/tmp/claude-502/-Users-carson-Desktop-chain-monitor-source/c102c5c9-9224-458f-b9f1-749ed6ab4668/scratchpad/rca20260719-soak.json
Error: Evidence output must stay under docs/staging: /private/tmp/claude-502/-Users-carson-Desktop-chain-monitor-source/c102c5c9-9224-458f-b9f1-749ed6ab4668/scratchpad/rca20260719-soak.json
    at resolveEvidencePath (/private/tmp/claude-502/-Users-carson-Desktop-chain-monitor-source/c102c5c9-9224-458f-b9f1-749ed6ab4668/scratchpad/rca20260719-train/scripts/staging/load-harness.ts:677:11)
    at writeEvidence (/private/tmp/claude-502/-Users-carson-Desktop-chain-monitor-source/c102c5c9-9224-458f-b9f1-749ed6ab4668/scratchpad/rca20260719-train/scripts/staging/load-harness.ts:683:20)
    at main (/private/tmp/claude-502/-Users-carson-Desktop-chain-monitor-source/c102c5c9-9224-458f-b9f1-749ed6ab4668/scratchpad/rca20260719-train/scripts/staging/load-harness.ts:769:21)
